cap-shape,cap-surface,cap-color,capID
x,s,n,xsn
x,s,y,xsy
b,s,w,bsw
x,y,w,xyw
x,s,g,xsg
x,y,y,xyy
b,s,w,bsw
b,y,w,byw
x,y,w,xyw
b,s,y,bsy
x,y,y,xyy
x,y,y,xyy
b,s,y,bsy
x,y,w,xyw
x,f,n,xfn
s,f,g,sfg
f,f,w,ffw
x,s,n,xsn
x,y,w,xyw
x,s,n,xsn
b,s,y,bsy
x,y,n,xyn
b,y,y,byy
b,y,w,byw
b,s,w,bsw
f,s,w,fsw
x,y,y,xyy
x,y,w,xyw
f,f,n,ffn
x,s,y,xsy
b,s,y,bsy
x,y,w,xyw
x,y,y,xyy
x,y,n,xyn
b,y,y,byy
x,f,y,xfy
s,f,g,sfg
x,y,n,xyn
x,f,y,xfy
b,s,y,bsy
b,y,y,byy
x,y,y,xyy
x,f,n,xfn
x,y,w,xyw
x,s,y,xsy
x,y,w,xyw
x,y,y,xyy
x,s,w,xsw
x,y,y,xyy
f,y,y,fyy
x,y,n,xyn
x,s,w,xsw
b,s,w,bsw
x,y,n,xyn
x,s,w,xsw
b,y,y,byy
f,f,g,ffg
b,s,w,bsw
x,s,y,xsy
x,y,n,xyn
s,f,g,sfg
b,y,y,byy
b,s,y,bsy
b,y,y,byy
b,y,w,byw
f,s,n,fsn
x,s,w,xsw
f,y,y,fyy
x,y,y,xyy
x,f,g,xfg
f,f,y,ffy
b,y,w,byw
f,f,y,ffy
x,y,n,xyn
b,s,y,bsy
f,s,y,fsy
x,s,w,xsw
f,y,n,fyn
x,y,n,xyn
f,y,n,fyn
x,s,n,xsn
x,y,w,xyw
f,f,g,ffg
x,f,g,xfg
x,y,y,xyy
x,s,n,xsn
b,s,w,bsw
x,s,w,xsw
f,y,n,fyn
s,f,n,sfn
x,f,n,xfn
b,s,w,bsw
x,y,y,xyy
x,y,y,xyy
x,s,n,xsn
x,s,w,xsw
f,y,n,fyn
x,s,y,xsy
b,s,w,bsw
x,y,w,xyw
x,f,n,xfn
b,s,y,bsy
f,y,y,fyy
x,y,y,xyy
b,y,w,byw
x,y,y,xyy
x,y,y,xyy
b,y,w,byw
b,y,w,byw
x,s,y,xsy
x,s,y,xsy
s,f,g,sfg
x,f,w,xfw
x,s,y,xsy
x,y,w,xyw
x,y,y,xyy
s,f,g,sfg
x,y,y,xyy
x,s,y,xsy
s,f,n,sfn
x,s,w,xsw
x,y,w,xyw
f,y,n,fyn
f,s,g,fsg
x,s,y,xsy
x,s,w,xsw
b,s,y,bsy
f,f,g,ffg
x,s,w,xsw
b,s,w,bsw
b,s,w,bsw
b,y,w,byw
f,s,w,fsw
x,y,y,xyy
f,s,w,fsw
x,y,w,xyw
f,f,w,ffw
x,y,y,xyy
x,s,n,xsn
b,s,y,bsy
x,y,n,xyn
b,y,y,byy
s,f,n,sfn
f,y,n,fyn
x,y,y,xyy
x,f,g,xfg
f,f,w,ffw
x,y,y,xyy
b,s,y,bsy
b,y,w,byw
x,y,w,xyw
x,s,n,xsn
x,y,w,xyw
s,f,n,sfn
x,s,w,xsw
x,y,n,xyn
b,y,y,byy
x,y,w,xyw
b,y,w,byw
b,s,y,bsy
b,s,y,bsy
b,y,y,byy
x,f,n,xfn
f,y,n,fyn
x,y,w,xyw
f,y,y,fyy
b,s,w,bsw
b,s,w,bsw
x,y,n,xyn
b,s,w,bsw
x,f,g,xfg
b,s,y,bsy
x,f,y,xfy
b,y,y,byy
f,y,y,fyy
b,y,w,byw
b,y,w,byw
b,y,y,byy
x,y,y,xyy
b,s,y,bsy
x,y,w,xyw
s,f,n,sfn
f,f,n,ffn
x,s,y,xsy
f,y,n,fyn
x,y,w,xyw
b,s,w,bsw
f,f,g,ffg
b,y,y,byy
x,y,n,xyn
x,f,w,xfw
x,s,w,xsw
b,s,w,bsw
f,s,y,fsy
x,s,y,xsy
f,f,g,ffg
b,s,y,bsy
x,s,w,xsw
x,y,w,xyw
f,s,w,fsw
x,y,y,xyy
b,s,w,bsw
x,s,w,xsw
x,f,w,xfw
f,y,n,fyn
x,s,w,xsw
b,s,w,bsw
b,s,w,bsw
b,y,w,byw
b,y,w,byw
x,s,y,xsy
b,s,w,bsw
x,f,y,xfy
x,f,g,xfg
f,y,y,fyy
b,s,w,bsw
x,s,y,xsy
x,y,y,xyy
x,y,w,xyw
s,f,g,sfg
x,s,w,xsw
x,s,w,xsw
x,y,y,xyy
f,f,w,ffw
x,y,w,xyw
b,y,w,byw
x,s,w,xsw
x,s,y,xsy
x,y,n,xyn
b,s,y,bsy
x,f,g,xfg
x,y,w,xyw
x,y,y,xyy
f,f,n,ffn
b,s,w,bsw
x,f,w,xfw
x,y,w,xyw
b,y,y,byy
x,y,y,xyy
f,y,y,fyy
f,y,y,fyy
x,s,w,xsw
x,s,w,xsw
x,s,w,xsw
f,f,w,ffw
x,s,w,xsw
x,s,w,xsw
x,y,w,xyw
f,y,y,fyy
x,s,n,xsn
f,y,y,fyy
x,s,n,xsn
s,f,n,sfn
b,y,y,byy
b,s,w,bsw
b,y,w,byw
f,f,n,ffn
x,s,w,xsw
b,y,w,byw
b,y,w,byw
f,y,n,fyn
x,y,w,xyw
x,s,w,xsw
x,y,w,xyw
f,f,w,ffw
f,f,g,ffg
f,s,g,fsg
x,y,y,xyy
b,s,w,bsw
f,y,n,fyn
x,s,w,xsw
f,s,n,fsn
x,y,w,xyw
x,y,y,xyy
f,y,y,fyy
x,y,n,xyn
f,y,n,fyn
x,y,w,xyw
f,f,n,ffn
x,s,y,xsy
x,y,w,xyw
b,y,y,byy
s,f,n,sfn
x,s,y,xsy
b,y,w,byw
f,y,n,fyn
b,y,y,byy
b,y,w,byw
x,y,n,xyn
f,f,g,ffg
x,f,g,xfg
b,y,y,byy
x,s,y,xsy
b,y,w,byw
x,s,w,xsw
b,s,y,bsy
x,s,y,xsy
x,f,g,xfg
f,s,y,fsy
x,y,w,xyw
x,f,w,xfw
b,y,w,byw
x,s,y,xsy
b,y,w,byw
x,y,w,xyw
x,f,n,xfn
b,y,w,byw
x,s,y,xsy
f,y,n,fyn
x,f,w,xfw
x,s,y,xsy
x,y,w,xyw
x,y,y,xyy
x,f,w,xfw
b,s,y,bsy
x,y,w,xyw
x,s,y,xsy
x,y,w,xyw
x,f,w,xfw
f,s,w,fsw
x,y,y,xyy
f,f,y,ffy
x,s,w,xsw
b,y,y,byy
x,y,n,xyn
b,y,w,byw
x,s,y,xsy
x,y,n,xyn
b,s,y,bsy
b,y,w,byw
x,y,n,xyn
b,s,w,bsw
b,y,y,byy
b,y,y,byy
x,y,w,xyw
x,f,n,xfn
x,y,n,xyn
b,s,y,bsy
x,f,g,xfg
x,y,n,xyn
x,s,w,xsw
b,y,w,byw
x,s,y,xsy
f,f,y,ffy
b,y,y,byy
x,f,n,xfn
x,f,y,xfy
x,s,y,xsy
f,s,g,fsg
x,f,n,xfn
f,s,g,fsg
f,y,n,fyn
b,y,w,byw
b,s,y,bsy
x,y,y,xyy
s,f,g,sfg
f,y,n,fyn
x,y,n,xyn
x,y,y,xyy
x,y,y,xyy
x,f,n,xfn
x,f,n,xfn
f,s,n,fsn
f,y,n,fyn
x,s,y,xsy
f,f,n,ffn
x,y,y,xyy
x,f,y,xfy
b,y,y,byy
x,f,g,xfg
x,y,y,xyy
f,y,n,fyn
x,s,y,xsy
s,f,n,sfn
x,s,w,xsw
b,s,w,bsw
s,f,n,sfn
b,y,y,byy
x,y,y,xyy
b,y,y,byy
x,y,n,xyn
x,s,w,xsw
x,y,w,xyw
b,s,w,bsw
x,f,n,xfn
x,s,n,xsn
x,y,n,xyn
x,s,n,xsn
b,y,y,byy
x,s,y,xsy
b,s,y,bsy
x,s,y,xsy
b,y,w,byw
x,f,g,xfg
f,y,n,fyn
x,f,g,xfg
x,s,w,xsw
x,y,y,xyy
x,f,g,xfg
x,s,n,xsn
b,y,w,byw
b,y,w,byw
x,y,n,xyn
b,s,y,bsy
x,s,w,xsw
x,y,y,xyy
b,y,y,byy
x,s,w,xsw
x,s,w,xsw
x,y,n,xyn
x,s,w,xsw
x,s,n,xsn
x,y,n,xyn
x,y,y,xyy
x,y,n,xyn
b,y,y,byy
x,f,w,xfw
x,s,n,xsn
x,y,y,xyy
f,f,g,ffg
x,y,w,xyw
b,y,w,byw
x,y,n,xyn
f,y,n,fyn
x,s,w,xsw
x,s,w,xsw
f,y,n,fyn
b,s,w,bsw
x,s,w,xsw
f,f,g,ffg
x,y,w,xyw
x,y,y,xyy
b,s,y,bsy
b,s,y,bsy
f,s,w,fsw
b,s,w,bsw
x,f,y,xfy
x,y,w,xyw
b,y,y,byy
x,y,n,xyn
x,y,w,xyw
x,y,w,xyw
x,y,y,xyy
x,y,w,xyw
x,s,y,xsy
x,y,n,xyn
x,s,w,xsw
f,y,n,fyn
b,s,w,bsw
x,f,n,xfn
x,y,w,xyw
b,s,w,bsw
b,s,y,bsy
x,f,y,xfy
b,s,w,bsw
x,s,g,xsg
b,s,w,bsw
b,s,y,bsy
f,y,y,fyy
f,y,n,fyn
x,s,w,xsw
f,y,y,fyy
b,s,w,bsw
x,y,y,xyy
x,f,n,xfn
f,y,n,fyn
x,s,w,xsw
x,s,y,xsy
b,y,y,byy
f,y,y,fyy
x,y,y,xyy
x,y,w,xyw
f,f,w,ffw
s,f,g,sfg
f,s,y,fsy
f,f,g,ffg
x,f,n,xfn
b,y,w,byw
x,s,w,xsw
b,y,y,byy
b,y,y,byy
b,y,y,byy
f,s,w,fsw
f,f,g,ffg
f,s,w,fsw
f,y,y,fyy
x,y,w,xyw
s,f,n,sfn
x,y,n,xyn
x,y,n,xyn
f,f,y,ffy
f,s,n,fsn
x,s,n,xsn
f,y,n,fyn
x,y,y,xyy
b,s,y,bsy
f,f,w,ffw
f,y,n,fyn
x,y,w,xyw
b,s,y,bsy
x,s,y,xsy
b,y,y,byy
x,s,w,xsw
b,s,y,bsy
b,y,y,byy
x,s,n,xsn
x,s,g,xsg
f,s,n,fsn
x,f,w,xfw
f,f,g,ffg
f,f,n,ffn
b,y,y,byy
x,f,w,xfw
s,f,g,sfg
x,f,n,xfn
x,f,w,xfw
x,y,n,xyn
b,s,y,bsy
x,y,w,xyw
x,y,y,xyy
x,s,w,xsw
b,s,w,bsw
f,y,y,fyy
x,s,n,xsn
f,f,g,ffg
b,s,y,bsy
f,y,n,fyn
x,s,y,xsy
x,f,n,xfn
f,y,y,fyy
x,y,n,xyn
x,s,w,xsw
x,y,w,xyw
f,y,n,fyn
f,s,n,fsn
x,f,w,xfw
b,y,w,byw
s,f,n,sfn
x,y,y,xyy
f,s,w,fsw
x,s,y,xsy
f,f,g,ffg
x,y,w,xyw
x,y,y,xyy
f,f,n,ffn
x,s,w,xsw
b,y,y,byy
f,f,g,ffg
x,f,y,xfy
x,s,y,xsy
f,f,n,ffn
x,f,g,xfg
x,y,y,xyy
f,s,w,fsw
x,s,y,xsy
f,y,y,fyy
x,y,n,xyn
x,f,w,xfw
x,s,w,xsw
x,y,y,xyy
b,s,y,bsy
x,s,y,xsy
x,s,y,xsy
x,f,w,xfw
b,s,w,bsw
x,y,w,xyw
x,y,y,xyy
f,s,g,fsg
x,s,n,xsn
b,y,w,byw
x,s,w,xsw
f,f,y,ffy
x,s,y,xsy
b,y,w,byw
x,y,n,xyn
x,s,y,xsy
x,f,n,xfn
x,s,y,xsy
x,y,y,xyy
x,s,n,xsn
x,s,w,xsw
x,s,y,xsy
x,y,w,xyw
x,y,y,xyy
f,y,y,fyy
x,y,w,xyw
s,f,g,sfg
f,f,n,ffn
s,f,g,sfg
x,y,w,xyw
x,s,w,xsw
x,s,g,xsg
x,y,y,xyy
x,y,w,xyw
x,s,y,xsy
x,s,n,xsn
b,s,y,bsy
b,y,w,byw
x,y,w,xyw
x,s,n,xsn
x,s,g,xsg
x,y,n,xyn
f,f,w,ffw
f,y,n,fyn
b,y,w,byw
b,s,w,bsw
x,s,g,xsg
f,y,n,fyn
x,s,w,xsw
f,f,g,ffg
f,s,n,fsn
x,f,g,xfg
f,s,w,fsw
x,s,w,xsw
x,y,y,xyy
b,s,w,bsw
f,f,g,ffg
b,y,w,byw
b,s,y,bsy
s,f,g,sfg
f,y,y,fyy
b,s,w,bsw
x,f,w,xfw
f,y,y,fyy
f,f,g,ffg
x,s,w,xsw
f,f,y,ffy
s,f,g,sfg
b,y,w,byw
b,s,w,bsw
f,f,n,ffn
b,y,y,byy
x,f,n,xfn
x,y,n,xyn
x,y,n,xyn
b,y,y,byy
f,y,y,fyy
x,y,y,xyy
x,s,n,xsn
x,y,w,xyw
b,y,y,byy
x,y,n,xyn
f,y,n,fyn
f,y,n,fyn
f,y,y,fyy
x,s,y,xsy
b,y,w,byw
b,s,w,bsw
x,y,y,xyy
f,f,w,ffw
x,s,y,xsy
b,s,y,bsy
f,y,y,fyy
x,y,n,xyn
x,y,w,xyw
x,s,y,xsy
f,f,w,ffw
b,s,y,bsy
x,y,y,xyy
f,f,g,ffg
b,s,w,bsw
x,s,w,xsw
x,y,n,xyn
x,s,n,xsn
b,s,w,bsw
b,s,y,bsy
f,y,n,fyn
x,y,y,xyy
f,y,y,fyy
x,y,w,xyw
x,s,y,xsy
f,f,n,ffn
f,f,n,ffn
x,f,y,xfy
f,y,y,fyy
f,f,n,ffn
f,f,g,ffg
x,y,n,xyn
x,y,y,xyy
b,s,w,bsw
x,s,w,xsw
x,y,w,xyw
x,f,y,xfy
b,s,y,bsy
x,f,n,xfn
x,y,w,xyw
f,f,g,ffg
b,y,w,byw
x,y,y,xyy
x,s,w,xsw
b,s,y,bsy
b,y,w,byw
x,y,n,xyn
f,s,g,fsg
x,y,n,xyn
b,y,w,byw
b,s,y,bsy
x,y,n,xyn
x,s,n,xsn
f,s,n,fsn
x,s,n,xsn
f,f,g,ffg
x,y,y,xyy
b,y,w,byw
f,y,y,fyy
f,y,y,fyy
b,y,y,byy
s,f,n,sfn
x,s,w,xsw
b,y,y,byy
f,y,y,fyy
f,s,n,fsn
x,s,w,xsw
b,y,y,byy
b,y,y,byy
b,y,y,byy
b,s,w,bsw
x,y,y,xyy
x,y,n,xyn
s,f,n,sfn
f,y,n,fyn
x,s,w,xsw
f,s,y,fsy
x,s,n,xsn
f,y,y,fyy
x,y,n,xyn
x,s,w,xsw
x,f,w,xfw
b,s,w,bsw
x,y,w,xyw
f,y,y,fyy
x,f,n,xfn
x,s,w,xsw
x,y,w,xyw
x,y,w,xyw
b,y,w,byw
x,f,w,xfw
x,y,w,xyw
x,s,w,xsw
x,f,g,xfg
x,f,n,xfn
b,s,w,bsw
x,y,n,xyn
b,y,w,byw
f,y,y,fyy
x,y,w,xyw
b,y,w,byw
b,y,w,byw
x,s,n,xsn
f,s,y,fsy
x,y,n,xyn
b,s,y,bsy
f,s,w,fsw
b,y,y,byy
b,y,y,byy
b,s,y,bsy
f,y,y,fyy
x,s,w,xsw
b,y,y,byy
x,y,n,xyn
b,s,w,bsw
f,y,n,fyn
x,s,w,xsw
x,f,n,xfn
x,y,n,xyn
f,f,g,ffg
x,s,w,xsw
f,f,n,ffn
b,y,y,byy
b,s,w,bsw
x,s,w,xsw
b,s,y,bsy
x,y,y,xyy
x,s,y,xsy
f,f,g,ffg
x,y,y,xyy
x,y,n,xyn
x,y,n,xyn
x,s,y,xsy
b,y,w,byw
x,y,y,xyy
s,f,n,sfn
b,y,y,byy
x,s,w,xsw
x,s,w,xsw
x,s,n,xsn
x,f,n,xfn
x,y,y,xyy
x,y,n,xyn
x,y,y,xyy
b,y,y,byy
f,y,n,fyn
x,y,w,xyw
x,s,y,xsy
x,y,n,xyn
x,y,n,xyn
b,y,y,byy
x,s,w,xsw
x,s,w,xsw
x,y,n,xyn
b,s,w,bsw
x,y,y,xyy
x,s,n,xsn
b,y,y,byy
b,y,w,byw
f,y,y,fyy
b,y,w,byw
x,y,y,xyy
b,s,y,bsy
x,s,y,xsy
b,s,y,bsy
b,s,y,bsy
x,y,w,xyw
x,y,w,xyw
x,s,n,xsn
x,s,w,xsw
x,y,n,xyn
x,y,y,xyy
x,s,w,xsw
b,y,w,byw
b,s,y,bsy
x,f,g,xfg
b,s,y,bsy
x,s,w,xsw
x,y,n,xyn
x,y,y,xyy
f,f,w,ffw
f,f,w,ffw
x,s,w,xsw
f,s,y,fsy
s,f,g,sfg
f,f,y,ffy
x,y,n,xyn
x,y,y,xyy
x,y,y,xyy
x,s,n,xsn
x,s,y,xsy
x,y,w,xyw
x,y,y,xyy
x,y,w,xyw
f,s,y,fsy
x,y,n,xyn
b,s,w,bsw
s,f,g,sfg
x,s,y,xsy
x,f,g,xfg
x,y,y,xyy
b,y,w,byw
b,s,y,bsy
x,s,w,xsw
b,s,w,bsw
f,y,n,fyn
s,f,g,sfg
x,f,w,xfw
s,f,n,sfn
f,y,n,fyn
f,s,y,fsy
b,s,y,bsy
b,s,y,bsy
x,s,n,xsn
f,y,n,fyn
x,s,y,xsy
f,y,y,fyy
x,y,w,xyw
x,y,y,xyy
x,y,y,xyy
f,f,n,ffn
f,y,y,fyy
x,f,g,xfg
x,s,y,xsy
f,y,n,fyn
x,s,y,xsy
x,y,y,xyy
x,f,n,xfn
x,s,w,xsw
x,y,y,xyy
x,y,w,xyw
x,s,w,xsw
f,y,y,fyy
b,s,y,bsy
f,f,w,ffw
f,s,g,fsg
x,y,w,xyw
x,y,w,xyw
f,y,y,fyy
x,s,w,xsw
x,s,y,xsy
f,y,y,fyy
x,y,y,xyy
x,s,y,xsy
x,f,n,xfn
f,y,y,fyy
x,s,w,xsw
b,s,y,bsy
x,s,y,xsy
x,y,n,xyn
b,y,y,byy
x,s,w,xsw
x,y,w,xyw
x,s,y,xsy
f,y,y,fyy
x,f,w,xfw
x,s,n,xsn
x,s,w,xsw
x,s,y,xsy
f,f,w,ffw
f,s,n,fsn
x,f,g,xfg
f,y,n,fyn
x,s,n,xsn
b,s,w,bsw
x,f,g,xfg
x,s,w,xsw
f,f,g,ffg
x,s,g,xsg
x,s,w,xsw
x,s,w,xsw
x,y,g,xyg
f,f,n,ffn
x,s,w,xsw
f,f,n,ffn
x,s,n,xsn
x,y,y,xyy
x,s,y,xsy
f,f,w,ffw
x,s,n,xsn
x,s,g,xsg
x,y,n,xyn
x,f,g,xfg
b,s,w,bsw
x,s,g,xsg
f,f,g,ffg
f,s,n,fsn
x,s,y,xsy
x,f,n,xfn
f,s,w,fsw
x,y,y,xyy
x,f,n,xfn
f,s,g,fsg
x,y,e,xye
b,y,y,byy
x,f,w,xfw
x,s,w,xsw
x,f,g,xfg
f,f,g,ffg
f,f,n,ffn
f,f,w,ffw
b,y,w,byw
f,f,n,ffn
f,y,n,fyn
x,y,w,xyw
b,s,y,bsy
f,s,g,fsg
x,f,g,xfg
f,f,n,ffn
b,s,w,bsw
x,s,w,xsw
x,y,n,xyn
f,f,w,ffw
x,y,y,xyy
x,f,n,xfn
f,f,w,ffw
x,f,n,xfn
x,f,n,xfn
f,s,g,fsg
f,s,g,fsg
f,s,n,fsn
x,f,n,xfn
x,s,n,xsn
x,f,w,xfw
f,f,n,ffn
x,f,n,xfn
f,f,n,ffn
x,f,g,xfg
f,f,n,ffn
x,s,g,xsg
b,y,w,byw
x,f,n,xfn
x,y,y,xyy
f,f,g,ffg
f,f,n,ffn
x,s,y,xsy
f,f,g,ffg
x,f,n,xfn
x,s,w,xsw
x,f,w,xfw
f,f,w,ffw
x,s,w,xsw
x,s,g,xsg
x,y,y,xyy
x,s,y,xsy
x,s,g,xsg
x,s,n,xsn
f,f,n,ffn
f,s,w,fsw
f,s,w,fsw
x,y,y,xyy
f,s,w,fsw
b,s,w,bsw
f,y,w,fyw
x,f,g,xfg
f,y,n,fyn
f,s,n,fsn
x,s,w,xsw
x,y,n,xyn
x,s,g,xsg
x,s,w,xsw
f,f,w,ffw
x,f,n,xfn
x,s,w,xsw
x,y,w,xyw
x,s,w,xsw
f,y,y,fyy
f,s,n,fsn
f,f,g,ffg
f,f,y,ffy
f,y,n,fyn
x,f,n,xfn
f,s,n,fsn
x,f,n,xfn
f,f,n,ffn
b,s,y,bsy
b,y,w,byw
x,y,w,xyw
f,y,w,fyw
f,y,w,fyw
x,f,n,xfn
f,s,y,fsy
x,y,y,xyy
x,s,w,xsw
x,f,g,xfg
x,y,n,xyn
x,f,g,xfg
f,f,n,ffn
x,s,w,xsw
f,f,w,ffw
x,y,y,xyy
f,f,y,ffy
x,f,g,xfg
x,s,n,xsn
x,y,y,xyy
f,y,n,fyn
x,f,w,xfw
x,y,n,xyn
x,s,g,xsg
x,s,w,xsw
x,f,g,xfg
f,y,n,fyn
x,f,n,xfn
x,f,g,xfg
x,f,e,xfe
x,f,n,xfn
x,f,g,xfg
x,y,y,xyy
x,f,n,xfn
b,s,y,bsy
x,f,w,xfw
f,s,g,fsg
x,y,y,xyy
x,f,n,xfn
f,s,w,fsw
x,s,y,xsy
x,s,g,xsg
x,f,g,xfg
f,y,w,fyw
f,f,y,ffy
x,y,w,xyw
f,f,w,ffw
x,f,n,xfn
x,y,n,xyn
x,s,w,xsw
f,y,w,fyw
x,s,y,xsy
x,f,g,xfg
f,y,y,fyy
f,s,g,fsg
f,f,n,ffn
f,y,w,fyw
f,f,g,ffg
x,y,n,xyn
f,f,w,ffw
f,y,n,fyn
b,s,y,bsy
f,f,g,ffg
b,s,w,bsw
f,f,g,ffg
b,y,w,byw
x,y,w,xyw
f,y,n,fyn
x,y,y,xyy
s,f,n,sfn
x,y,n,xyn
f,f,g,ffg
f,f,y,ffy
x,s,g,xsg
f,y,n,fyn
x,f,g,xfg
x,s,g,xsg
x,f,g,xfg
x,y,n,xyn
x,f,n,xfn
f,s,w,fsw
x,f,g,xfg
x,y,n,xyn
f,f,n,ffn
f,s,w,fsw
x,y,w,xyw
f,f,g,ffg
b,y,y,byy
x,s,n,xsn
f,f,n,ffn
f,s,w,fsw
x,y,n,xyn
f,f,w,ffw
f,y,n,fyn
f,f,g,ffg
f,f,g,ffg
f,s,g,fsg
f,f,n,ffn
x,s,g,xsg
x,f,w,xfw
f,f,w,ffw
x,s,n,xsn
x,f,n,xfn
f,s,y,fsy
x,f,w,xfw
f,s,w,fsw
b,s,y,bsy
x,f,w,xfw
x,f,g,xfg
f,s,n,fsn
x,f,g,xfg
x,s,n,xsn
f,s,w,fsw
x,y,w,xyw
x,f,n,xfn
x,f,n,xfn
b,y,y,byy
f,f,w,ffw
x,s,n,xsn
f,f,w,ffw
x,f,n,xfn
f,f,w,ffw
x,s,w,xsw
x,s,n,xsn
x,f,w,xfw
f,s,g,fsg
x,f,g,xfg
x,f,g,xfg
f,s,n,fsn
f,s,w,fsw
f,y,n,fyn
x,y,w,xyw
f,s,g,fsg
x,y,w,xyw
b,y,w,byw
x,s,g,xsg
f,f,g,ffg
f,f,w,ffw
f,s,g,fsg
b,y,w,byw
x,f,g,xfg
x,f,e,xfe
x,y,y,xyy
x,s,w,xsw
b,s,w,bsw
x,s,n,xsn
x,f,n,xfn
f,s,n,fsn
b,s,w,bsw
x,s,g,xsg
x,f,n,xfn
f,f,w,ffw
x,f,n,xfn
x,f,g,xfg
x,f,g,xfg
b,y,y,byy
f,f,n,ffn
x,f,w,xfw
f,y,n,fyn
x,y,n,xyn
x,y,y,xyy
f,f,g,ffg
x,y,w,xyw
x,y,w,xyw
f,s,w,fsw
f,s,g,fsg
f,s,n,fsn
x,y,y,xyy
x,f,n,xfn
x,f,w,xfw
x,s,y,xsy
x,f,e,xfe
f,y,n,fyn
b,s,w,bsw
x,s,n,xsn
x,f,g,xfg
b,y,w,byw
x,s,w,xsw
b,y,y,byy
x,y,w,xyw
x,s,y,xsy
b,s,w,bsw
f,s,n,fsn
f,s,w,fsw
f,s,n,fsn
f,f,n,ffn
f,y,w,fyw
f,s,w,fsw
x,f,w,xfw
x,s,n,xsn
f,s,n,fsn
f,y,y,fyy
x,f,g,xfg
x,f,n,xfn
f,s,n,fsn
x,s,w,xsw
f,f,n,ffn
f,f,w,ffw
f,f,w,ffw
x,y,y,xyy
x,s,g,xsg
x,f,g,xfg
f,f,n,ffn
f,s,n,fsn
x,f,w,xfw
x,y,e,xye
x,f,n,xfn
x,s,w,xsw
x,y,n,xyn
x,f,n,xfn
f,y,w,fyw
f,f,g,ffg
x,f,w,xfw
f,s,n,fsn
f,f,g,ffg
f,s,g,fsg
f,f,g,ffg
x,s,g,xsg
x,s,n,xsn
f,s,w,fsw
x,s,g,xsg
x,s,w,xsw
f,s,w,fsw
f,s,n,fsn
x,f,g,xfg
f,s,g,fsg
x,s,g,xsg
f,f,g,ffg
f,f,g,ffg
x,y,g,xyg
x,f,n,xfn
f,s,w,fsw
f,y,w,fyw
f,y,n,fyn
x,s,w,xsw
f,s,n,fsn
f,f,n,ffn
f,s,w,fsw
f,s,n,fsn
f,y,w,fyw
f,y,n,fyn
f,s,w,fsw
x,s,w,xsw
x,f,n,xfn
f,s,w,fsw
f,f,g,ffg
f,y,n,fyn
x,s,w,xsw
x,y,e,xye
f,s,g,fsg
x,s,w,xsw
f,s,w,fsw
f,f,n,ffn
x,f,w,xfw
f,s,w,fsw
x,f,n,xfn
f,f,w,ffw
x,s,w,xsw
f,s,w,fsw
b,y,y,byy
x,s,g,xsg
x,f,w,xfw
x,s,n,xsn
x,f,n,xfn
f,f,g,ffg
x,y,n,xyn
f,s,g,fsg
x,f,n,xfn
f,s,w,fsw
x,f,n,xfn
x,f,g,xfg
x,f,w,xfw
f,s,w,fsw
f,s,w,fsw
x,s,g,xsg
x,f,n,xfn
x,s,g,xsg
x,y,y,xyy
f,s,w,fsw
x,s,w,xsw
x,f,g,xfg
f,s,w,fsw
x,f,n,xfn
f,s,g,fsg
f,s,g,fsg
f,f,n,ffn
f,s,w,fsw
f,s,w,fsw
f,s,g,fsg
f,f,w,ffw
f,s,n,fsn
f,s,w,fsw
x,f,g,xfg
b,y,y,byy
f,f,n,ffn
f,s,g,fsg
x,f,n,xfn
b,s,y,bsy
x,s,w,xsw
f,f,n,ffn
x,s,w,xsw
f,f,w,ffw
f,y,w,fyw
x,s,n,xsn
f,s,n,fsn
b,s,y,bsy
f,s,g,fsg
x,s,g,xsg
f,f,g,ffg
x,f,g,xfg
f,s,w,fsw
f,s,n,fsn
f,f,g,ffg
f,s,w,fsw
x,f,n,xfn
x,s,n,xsn
x,f,e,xfe
x,y,y,xyy
f,f,w,ffw
x,s,w,xsw
f,f,n,ffn
f,s,w,fsw
f,f,g,ffg
f,s,w,fsw
f,f,w,ffw
f,y,n,fyn
x,s,w,xsw
x,f,n,xfn
x,y,g,xyg
x,y,g,xyg
f,s,n,fsn
f,s,w,fsw
f,s,n,fsn
x,s,n,xsn
f,f,w,ffw
x,f,n,xfn
f,f,w,ffw
f,f,n,ffn
f,s,w,fsw
f,f,n,ffn
f,y,n,fyn
f,f,w,ffw
f,s,w,fsw
x,f,n,xfn
f,f,w,ffw
x,f,g,xfg
f,s,n,fsn
x,f,g,xfg
f,f,w,ffw
f,f,n,ffn
x,s,n,xsn
x,f,w,xfw
b,s,y,bsy
x,y,n,xyn
f,s,n,fsn
f,f,w,ffw
f,f,n,ffn
f,y,n,fyn
f,f,n,ffn
x,s,w,xsw
f,s,n,fsn
f,y,w,fyw
f,s,n,fsn
f,s,g,fsg
x,f,g,xfg
f,f,n,ffn
x,f,g,xfg
x,f,n,xfn
x,f,n,xfn
x,f,g,xfg
x,s,w,xsw
f,s,w,fsw
x,s,w,xsw
f,f,g,ffg
x,f,n,xfn
x,s,w,xsw
x,s,n,xsn
f,s,g,fsg
f,y,w,fyw
f,s,n,fsn
f,y,y,fyy
x,f,g,xfg
f,s,g,fsg
x,s,g,xsg
f,y,w,fyw
x,s,w,xsw
x,s,w,xsw
f,s,g,fsg
f,s,n,fsn
x,f,n,xfn
f,s,n,fsn
f,s,n,fsn
x,f,w,xfw
f,f,w,ffw
f,f,n,ffn
x,y,w,xyw
x,s,n,xsn
x,s,g,xsg
f,s,w,fsw
x,s,w,xsw
x,s,w,xsw
x,f,n,xfn
f,f,g,ffg
x,s,g,xsg
f,f,n,ffn
f,s,n,fsn
x,s,g,xsg
f,y,n,fyn
f,y,n,fyn
x,s,n,xsn
x,f,n,xfn
f,y,w,fyw
x,s,w,xsw
f,s,n,fsn
x,f,n,xfn
b,y,w,byw
f,y,w,fyw
f,f,w,ffw
x,s,w,xsw
x,f,n,xfn
x,s,n,xsn
f,f,n,ffn
f,f,n,ffn
f,y,n,fyn
f,y,w,fyw
x,s,n,xsn
f,f,g,ffg
x,f,n,xfn
f,s,g,fsg
f,f,n,ffn
f,s,n,fsn
x,f,n,xfn
f,y,n,fyn
x,s,g,xsg
f,f,w,ffw
x,s,w,xsw
x,f,n,xfn
x,s,n,xsn
f,s,w,fsw
x,f,n,xfn
x,s,w,xsw
f,s,w,fsw
x,s,w,xsw
x,f,n,xfn
x,y,g,xyg
x,f,n,xfn
x,s,y,xsy
f,f,g,ffg
x,s,n,xsn
x,y,e,xye
f,s,g,fsg
f,s,w,fsw
f,f,w,ffw
x,f,g,xfg
f,f,n,ffn
f,s,n,fsn
x,f,w,xfw
f,y,w,fyw
x,f,w,xfw
f,s,n,fsn
x,s,n,xsn
x,f,g,xfg
x,s,n,xsn
f,y,y,fyy
x,y,n,xyn
x,f,w,xfw
f,s,w,fsw
x,s,n,xsn
f,y,n,fyn
f,f,g,ffg
f,s,w,fsw
f,s,n,fsn
x,s,g,xsg
x,f,g,xfg
f,f,n,ffn
f,s,g,fsg
x,s,w,xsw
x,f,n,xfn
x,f,g,xfg
f,f,n,ffn
b,y,y,byy
f,f,g,ffg
x,f,g,xfg
f,f,w,ffw
x,f,n,xfn
f,s,n,fsn
x,f,n,xfn
x,f,n,xfn
x,f,n,xfn
x,f,w,xfw
f,s,g,fsg
f,s,n,fsn
x,y,y,xyy
x,f,w,xfw
f,f,g,ffg
f,f,n,ffn
f,f,n,ffn
b,y,y,byy
x,f,n,xfn
x,y,w,xyw
f,s,w,fsw
x,s,w,xsw
x,f,n,xfn
x,s,n,xsn
x,s,n,xsn
x,y,n,xyn
f,s,g,fsg
x,y,y,xyy
x,s,w,xsw
f,y,w,fyw
f,s,w,fsw
f,s,w,fsw
f,s,g,fsg
f,f,g,ffg
x,s,w,xsw
x,s,g,xsg
x,s,w,xsw
x,s,g,xsg
f,s,w,fsw
f,y,w,fyw
x,f,w,xfw
x,s,n,xsn
x,f,w,xfw
x,f,w,xfw
x,y,e,xye
f,s,n,fsn
f,f,g,ffg
x,y,y,xyy
x,f,n,xfn
f,f,n,ffn
b,s,w,bsw
f,s,g,fsg
f,f,w,ffw
f,f,n,ffn
f,s,n,fsn
x,s,n,xsn
b,y,y,byy
f,s,g,fsg
f,s,n,fsn
x,f,g,xfg
f,s,g,fsg
x,f,n,xfn
x,f,n,xfn
b,y,w,byw
x,f,g,xfg
f,y,n,fyn
x,s,w,xsw
f,s,n,fsn
f,s,n,fsn
f,f,n,ffn
x,f,w,xfw
x,f,n,xfn
f,s,n,fsn
x,s,y,xsy
f,s,w,fsw
x,s,w,xsw
x,y,n,xyn
f,f,g,ffg
f,y,n,fyn
f,f,w,ffw
x,f,n,xfn
x,f,g,xfg
f,s,n,fsn
f,s,g,fsg
x,s,w,xsw
x,f,n,xfn
x,f,n,xfn
x,y,y,xyy
f,f,w,ffw
f,s,w,fsw
x,f,g,xfg
f,f,g,ffg
f,f,w,ffw
x,f,g,xfg
f,f,g,ffg
x,f,g,xfg
x,s,g,xsg
f,s,g,fsg
x,y,n,xyn
x,y,g,xyg
f,s,g,fsg
f,f,w,ffw
f,s,n,fsn
f,f,w,ffw
f,f,n,ffn
f,s,g,fsg
x,s,n,xsn
x,f,n,xfn
x,s,n,xsn
x,f,n,xfn
f,s,w,fsw
x,f,n,xfn
f,s,w,fsw
f,s,n,fsn
x,f,n,xfn
x,s,w,xsw
f,f,g,ffg
x,s,n,xsn
x,f,n,xfn
x,s,g,xsg
f,f,g,ffg
f,s,n,fsn
f,s,g,fsg
x,f,e,xfe
f,y,w,fyw
x,f,n,xfn
x,f,n,xfn
f,s,n,fsn
f,s,w,fsw
f,s,w,fsw
f,f,w,ffw
f,s,n,fsn
f,f,n,ffn
x,s,n,xsn
f,s,n,fsn
f,s,w,fsw
f,s,w,fsw
f,s,g,fsg
x,s,n,xsn
x,s,n,xsn
x,f,n,xfn
x,f,n,xfn
f,f,w,ffw
f,f,w,ffw
x,f,w,xfw
x,s,y,xsy
f,s,g,fsg
x,s,w,xsw
x,f,n,xfn
x,f,n,xfn
x,s,w,xsw
x,s,n,xsn
x,s,g,xsg
x,s,g,xsg
f,s,w,fsw
x,s,n,xsn
f,f,g,ffg
f,f,w,ffw
x,f,w,xfw
f,f,g,ffg
x,f,g,xfg
x,y,y,xyy
x,s,y,xsy
x,s,w,xsw
x,y,n,xyn
x,f,w,xfw
x,s,w,xsw
x,y,g,xyg
f,s,w,fsw
x,y,y,xyy
x,y,w,xyw
f,y,n,fyn
x,s,w,xsw
f,s,n,fsn
x,s,g,xsg
x,s,w,xsw
f,s,n,fsn
f,s,n,fsn
x,s,g,xsg
b,s,w,bsw
x,s,g,xsg
x,s,y,xsy
f,y,w,fyw
f,s,w,fsw
f,s,n,fsn
f,s,g,fsg
f,f,g,ffg
x,y,n,xyn
x,f,n,xfn
x,y,y,xyy
x,f,g,xfg
f,f,g,ffg
f,s,n,fsn
f,s,w,fsw
x,f,g,xfg
f,s,w,fsw
f,f,g,ffg
x,f,g,xfg
x,s,n,xsn
x,f,n,xfn
f,s,w,fsw
f,f,n,ffn
f,y,n,fyn
x,f,n,xfn
x,f,n,xfn
f,f,w,ffw
f,y,n,fyn
f,f,g,ffg
x,f,g,xfg
x,f,w,xfw
x,f,g,xfg
x,f,n,xfn
x,s,g,xsg
f,f,w,ffw
x,f,g,xfg
x,y,w,xyw
x,y,w,xyw
f,s,g,fsg
f,s,w,fsw
f,s,n,fsn
f,s,w,fsw
x,f,n,xfn
x,s,n,xsn
b,y,y,byy
f,y,w,fyw
x,s,n,xsn
f,s,n,fsn
x,y,n,xyn
x,s,g,xsg
f,s,w,fsw
x,s,n,xsn
f,s,g,fsg
x,f,w,xfw
f,s,n,fsn
x,f,n,xfn
x,s,n,xsn
x,f,n,xfn
f,s,w,fsw
f,s,w,fsw
x,f,w,xfw
f,f,n,ffn
f,s,g,fsg
x,f,w,xfw
f,y,n,fyn
f,s,w,fsw
x,f,w,xfw
f,f,n,ffn
f,y,n,fyn
f,s,w,fsw
x,f,g,xfg
f,y,y,fyy
x,f,w,xfw
x,f,w,xfw
f,y,n,fyn
f,f,n,ffn
f,f,g,ffg
x,f,n,xfn
x,f,n,xfn
x,s,g,xsg
x,s,g,xsg
x,f,w,xfw
f,f,g,ffg
x,f,n,xfn
x,s,w,xsw
x,s,w,xsw
f,s,g,fsg
x,s,n,xsn
x,f,n,xfn
x,y,y,xyy
x,s,g,xsg
x,f,n,xfn
x,f,w,xfw
x,y,y,xyy
x,f,n,xfn
x,f,w,xfw
x,f,w,xfw
f,s,n,fsn
f,s,w,fsw
x,s,n,xsn
x,f,g,xfg
f,s,n,fsn
x,s,w,xsw
f,s,w,fsw
b,s,y,bsy
x,f,n,xfn
f,y,n,fyn
x,s,g,xsg
x,s,g,xsg
x,s,w,xsw
f,s,w,fsw
f,s,w,fsw
x,f,n,xfn
f,f,n,ffn
x,f,n,xfn
f,y,n,fyn
x,f,w,xfw
f,s,w,fsw
f,y,w,fyw
f,s,g,fsg
f,y,n,fyn
x,f,g,xfg
x,f,g,xfg
x,y,n,xyn
f,f,n,ffn
f,y,e,fye
f,s,g,fsg
x,f,g,xfg
x,y,g,xyg
x,f,g,xfg
f,s,n,fsn
f,f,n,ffn
x,s,n,xsn
x,s,w,xsw
x,s,w,xsw
x,y,y,xyy
x,f,g,xfg
f,s,n,fsn
f,s,w,fsw
x,f,n,xfn
f,s,n,fsn
x,f,n,xfn
x,s,w,xsw
f,f,n,ffn
x,y,w,xyw
f,f,g,ffg
x,y,e,xye
f,f,w,ffw
x,s,g,xsg
x,y,n,xyn
x,y,g,xyg
x,f,g,xfg
f,s,w,fsw
x,f,g,xfg
x,f,n,xfn
x,f,e,xfe
x,y,n,xyn
f,f,w,ffw
x,y,n,xyn
x,s,g,xsg
x,f,g,xfg
f,f,w,ffw
x,y,g,xyg
f,y,n,fyn
x,y,e,xye
f,f,w,ffw
f,s,g,fsg
x,y,g,xyg
f,f,g,ffg
x,f,n,xfn
f,f,e,ffe
x,s,w,xsw
x,f,e,xfe
x,f,n,xfn
x,f,g,xfg
x,f,n,xfn
x,f,y,xfy
x,f,e,xfe
f,s,w,fsw
x,s,w,xsw
x,f,e,xfe
x,y,n,xyn
x,f,w,xfw
x,f,g,xfg
x,s,g,xsg
x,y,e,xye
x,y,n,xyn
x,s,w,xsw
x,s,n,xsn
x,s,w,xsw
x,s,n,xsn
f,f,e,ffe
f,f,w,ffw
f,f,g,ffg
x,y,e,xye
x,f,e,xfe
x,y,g,xyg
x,f,e,xfe
f,s,n,fsn
x,s,w,xsw
x,s,w,xsw
x,f,w,xfw
x,f,e,xfe
x,f,n,xfn
f,f,n,ffn
f,f,w,ffw
f,f,w,ffw
f,y,w,fyw
f,f,g,ffg
x,f,n,xfn
x,s,w,xsw
x,f,w,xfw
x,s,n,xsn
x,f,n,xfn
x,s,g,xsg
x,y,n,xyn
x,f,n,xfn
f,s,g,fsg
f,s,n,fsn
x,s,g,xsg
f,f,g,ffg
x,s,w,xsw
f,f,n,ffn
f,s,w,fsw
x,f,g,xfg
f,f,n,ffn
f,f,n,ffn
x,f,n,xfn
f,s,g,fsg
f,s,w,fsw
x,y,e,xye
x,y,g,xyg
x,y,e,xye
x,f,g,xfg
f,f,g,ffg
f,y,y,fyy
f,y,w,fyw
f,s,n,fsn
f,f,n,ffn
f,f,n,ffn
x,f,e,xfe
f,f,g,ffg
x,f,n,xfn
x,f,g,xfg
x,y,e,xye
f,f,n,ffn
x,f,n,xfn
x,f,n,xfn
f,s,w,fsw
f,s,g,fsg
f,y,w,fyw
b,s,w,bsw
x,f,n,xfn
f,f,g,ffg
x,f,n,xfn
x,s,n,xsn
f,s,w,fsw
x,f,w,xfw
x,s,w,xsw
x,s,g,xsg
x,y,e,xye
f,f,n,ffn
x,f,n,xfn
f,f,w,ffw
f,s,n,fsn
f,s,w,fsw
f,f,n,ffn
x,y,g,xyg
x,y,g,xyg
x,f,g,xfg
x,f,g,xfg
x,y,e,xye
x,f,g,xfg
x,f,g,xfg
x,f,n,xfn
x,s,w,xsw
x,f,n,xfn
x,y,n,xyn
x,f,g,xfg
f,y,n,fyn
x,f,g,xfg
x,f,g,xfg
x,f,e,xfe
f,f,n,ffn
f,s,w,fsw
f,s,n,fsn
x,y,e,xye
f,s,n,fsn
f,f,n,ffn
f,s,w,fsw
x,f,n,xfn
f,f,n,ffn
x,s,n,xsn
x,f,n,xfn
f,s,n,fsn
f,y,w,fyw
x,f,n,xfn
x,f,g,xfg
f,f,n,ffn
x,f,e,xfe
f,f,w,ffw
x,f,w,xfw
x,y,w,xyw
x,s,w,xsw
x,y,g,xyg
x,f,g,xfg
x,s,g,xsg
f,y,w,fyw
x,f,e,xfe
f,s,n,fsn
f,y,n,fyn
x,f,g,xfg
f,s,n,fsn
x,f,g,xfg
x,f,n,xfn
x,f,n,xfn
f,s,n,fsn
f,f,n,ffn
x,s,n,xsn
x,s,n,xsn
x,f,n,xfn
x,y,e,xye
f,s,n,fsn
x,f,n,xfn
f,y,w,fyw
x,y,y,xyy
f,s,n,fsn
f,f,w,ffw
f,f,n,ffn
f,s,n,fsn
x,s,n,xsn
x,f,n,xfn
x,f,e,xfe
f,f,n,ffn
x,f,w,xfw
f,s,g,fsg
f,f,w,ffw
f,s,y,fsy
f,f,w,ffw
f,f,n,ffn
x,f,n,xfn
x,y,g,xyg
x,f,n,xfn
x,f,n,xfn
x,f,g,xfg
x,f,n,xfn
x,f,g,xfg
x,f,n,xfn
x,s,n,xsn
b,y,w,byw
x,y,e,xye
f,s,n,fsn
x,f,e,xfe
f,y,n,fyn
x,y,g,xyg
x,s,g,xsg
x,s,n,xsn
x,f,g,xfg
x,s,g,xsg
x,y,e,xye
f,f,g,ffg
f,f,n,ffn
x,f,n,xfn
f,s,n,fsn
x,f,w,xfw
x,y,y,xyy
x,f,e,xfe
x,f,n,xfn
x,y,n,xyn
f,f,g,ffg
x,f,w,xfw
x,y,w,xyw
x,s,n,xsn
f,s,w,fsw
f,f,n,ffn
f,f,w,ffw
x,f,g,xfg
x,f,n,xfn
x,f,w,xfw
x,s,w,xsw
f,s,g,fsg
f,y,n,fyn
f,f,g,ffg
x,f,n,xfn
x,f,w,xfw
x,y,n,xyn
x,y,e,xye
f,s,n,fsn
f,s,g,fsg
x,f,g,xfg
f,f,g,ffg
x,f,g,xfg
x,f,g,xfg
x,f,n,xfn
x,s,w,xsw
x,s,y,xsy
x,f,n,xfn
f,y,n,fyn
x,s,g,xsg
x,y,e,xye
x,f,g,xfg
f,s,w,fsw
x,f,n,xfn
f,f,n,ffn
f,f,g,ffg
f,f,g,ffg
f,f,n,ffn
x,f,g,xfg
x,f,e,xfe
f,y,n,fyn
x,y,g,xyg
x,s,w,xsw
b,s,w,bsw
x,s,w,xsw
f,f,n,ffn
x,y,g,xyg
f,f,g,ffg
x,f,g,xfg
x,s,w,xsw
x,s,n,xsn
x,y,g,xyg
f,f,g,ffg
x,y,n,xyn
x,f,e,xfe
f,f,n,ffn
x,f,e,xfe
f,f,n,ffn
x,y,e,xye
x,f,g,xfg
f,f,g,ffg
x,f,e,xfe
x,y,e,xye
x,s,w,xsw
x,f,e,xfe
x,y,g,xyg
x,f,n,xfn
x,y,e,xye
x,y,g,xyg
x,f,g,xfg
x,y,g,xyg
x,f,e,xfe
f,y,e,fye
f,f,n,ffn
x,f,n,xfn
f,y,g,fyg
x,y,e,xye
x,f,g,xfg
x,y,g,xyg
x,f,g,xfg
f,s,w,fsw
x,f,e,xfe
x,f,w,xfw
x,y,n,xyn
f,f,n,ffn
x,f,n,xfn
x,y,g,xyg
x,y,g,xyg
x,f,e,xfe
x,y,n,xyn
x,f,g,xfg
x,f,e,xfe
x,y,e,xye
x,y,n,xyn
x,y,e,xye
f,y,n,fyn
f,y,n,fyn
x,y,n,xyn
f,s,n,fsn
f,f,e,ffe
x,s,w,xsw
x,f,e,xfe
f,f,n,ffn
x,y,n,xyn
f,f,e,ffe
x,f,e,xfe
x,f,g,xfg
x,y,n,xyn
f,f,n,ffn
f,f,n,ffn
x,f,e,xfe
x,f,n,xfn
x,f,e,xfe
f,f,g,ffg
x,y,n,xyn
f,f,n,ffn
x,f,e,xfe
x,y,e,xye
x,f,g,xfg
x,y,g,xyg
x,y,e,xye
x,y,g,xyg
x,f,g,xfg
f,f,g,ffg
x,y,g,xyg
x,y,e,xye
f,f,n,ffn
f,f,n,ffn
x,y,e,xye
x,f,g,xfg
x,y,g,xyg
x,f,e,xfe
x,y,n,xyn
f,f,n,ffn
x,y,e,xye
f,f,n,ffn
f,y,n,fyn
f,f,g,ffg
x,f,e,xfe
x,f,g,xfg
x,f,g,xfg
x,f,n,xfn
x,f,g,xfg
x,s,g,xsg
x,y,e,xye
f,f,g,ffg
x,y,e,xye
f,f,g,ffg
x,f,g,xfg
x,f,g,xfg
f,f,g,ffg
x,s,w,xsw
x,f,n,xfn
f,f,n,ffn
f,f,g,ffg
x,y,g,xyg
x,f,e,xfe
x,y,e,xye
x,f,n,xfn
f,y,g,fyg
x,y,g,xyg
x,s,p,xsp
x,y,n,xyn
f,f,g,ffg
x,y,e,xye
f,f,n,ffn
x,y,n,xyn
x,f,g,xfg
f,f,n,ffn
x,y,n,xyn
x,y,n,xyn
x,f,e,xfe
f,f,g,ffg
x,y,e,xye
x,y,e,xye
f,f,n,ffn
x,f,e,xfe
x,f,e,xfe
x,f,w,xfw
x,y,g,xyg
x,f,e,xfe
x,y,g,xyg
x,f,e,xfe
x,f,g,xfg
f,y,e,fye
f,y,g,fyg
x,y,e,xye
x,y,g,xyg
f,f,g,ffg
x,f,g,xfg
x,f,e,xfe
x,y,e,xye
f,s,w,fsw
f,y,n,fyn
x,f,e,xfe
x,y,e,xye
x,f,g,xfg
x,y,g,xyg
x,f,g,xfg
x,f,n,xfn
f,f,e,ffe
x,y,g,xyg
f,f,n,ffn
f,f,g,ffg
f,f,g,ffg
x,y,n,xyn
f,f,g,ffg
f,y,n,fyn
x,f,g,xfg
x,y,e,xye
x,y,n,xyn
f,s,g,fsg
x,f,n,xfn
f,f,n,ffn
x,y,e,xye
x,y,e,xye
x,y,n,xyn
f,s,w,fsw
x,y,n,xyn
x,y,e,xye
x,f,g,xfg
f,f,g,ffg
f,f,n,ffn
f,f,g,ffg
x,y,e,xye
f,f,g,ffg
x,y,n,xyn
x,f,e,xfe
x,f,n,xfn
x,f,g,xfg
f,f,g,ffg
x,f,n,xfn
x,y,n,xyn
x,f,e,xfe
f,f,g,ffg
x,y,n,xyn
x,s,p,xsp
f,y,g,fyg
f,f,n,ffn
f,s,n,fsn
x,y,n,xyn
x,y,g,xyg
x,y,e,xye
x,y,e,xye
x,y,e,xye
x,f,g,xfg
f,s,w,fsw
x,y,g,xyg
x,f,n,xfn
x,f,n,xfn
x,y,g,xyg
x,y,e,xye
x,y,n,xyn
x,f,g,xfg
x,f,g,xfg
x,y,g,xyg
x,y,g,xyg
f,y,g,fyg
x,f,e,xfe
x,y,e,xye
x,f,n,xfn
x,f,n,xfn
f,f,n,ffn
f,f,n,ffn
x,y,g,xyg
x,f,e,xfe
f,y,n,fyn
x,y,e,xye
f,y,n,fyn
x,y,g,xyg
f,f,n,ffn
x,y,g,xyg
x,y,e,xye
x,y,n,xyn
x,f,g,xfg
x,f,e,xfe
x,f,n,xfn
f,f,n,ffn
f,y,g,fyg
x,f,n,xfn
x,y,e,xye
f,f,n,ffn
x,y,n,xyn
f,f,n,ffn
x,y,e,xye
x,y,e,xye
x,f,g,xfg
x,f,g,xfg
f,f,e,ffe
x,f,n,xfn
x,y,e,xye
x,y,g,xyg
x,y,g,xyg
x,f,e,xfe
f,f,n,ffn
x,y,n,xyn
x,y,g,xyg
x,f,w,xfw
f,y,g,fyg
f,s,g,fsg
f,f,n,ffn
x,y,e,xye
f,y,w,fyw
x,y,g,xyg
f,f,n,ffn
x,f,g,xfg
x,f,e,xfe
f,f,g,ffg
x,y,n,xyn
x,y,e,xye
x,y,n,xyn
x,y,n,xyn
f,f,n,ffn
x,y,g,xyg
x,y,n,xyn
x,f,e,xfe
f,f,n,ffn
x,f,e,xfe
f,s,w,fsw
x,y,n,xyn
x,f,g,xfg
x,f,n,xfn
x,f,e,xfe
f,f,n,ffn
x,f,n,xfn
x,y,n,xyn
f,s,w,fsw
x,f,g,xfg
f,s,w,fsw
x,s,g,xsg
x,f,g,xfg
f,f,n,ffn
x,f,e,xfe
x,y,g,xyg
f,f,n,ffn
x,f,n,xfn
x,f,g,xfg
x,y,e,xye
x,f,n,xfn
x,s,w,xsw
x,y,g,xyg
f,f,n,ffn
x,f,n,xfn
x,y,g,xyg
x,y,g,xyg
f,f,n,ffn
f,f,n,ffn
x,f,g,xfg
f,f,g,ffg
x,y,e,xye
x,f,e,xfe
x,s,w,xsw
f,f,g,ffg
x,f,g,xfg
f,y,e,fye
f,y,g,fyg
x,y,n,xyn
x,y,e,xye
x,f,e,xfe
x,y,e,xye
f,f,g,ffg
x,f,g,xfg
f,f,n,ffn
x,y,n,xyn
x,y,g,xyg
x,f,g,xfg
x,y,n,xyn
f,f,n,ffn
x,y,n,xyn
x,y,n,xyn
f,f,n,ffn
x,f,n,xfn
x,f,n,xfn
x,y,n,xyn
f,f,g,ffg
x,f,e,xfe
f,f,n,ffn
x,s,p,xsp
x,f,e,xfe
f,f,n,ffn
x,f,n,xfn
f,f,e,ffe
x,y,e,xye
x,f,g,xfg
x,f,g,xfg
x,f,g,xfg
x,f,g,xfg
f,f,g,ffg
x,f,e,xfe
f,y,n,fyn
f,y,e,fye
x,y,g,xyg
x,y,g,xyg
x,f,g,xfg
x,f,g,xfg
x,y,n,xyn
x,y,e,xye
x,f,n,xfn
f,f,n,ffn
f,f,n,ffn
f,f,g,ffg
f,f,g,ffg
x,y,g,xyg
x,f,g,xfg
x,y,g,xyg
x,f,e,xfe
f,f,n,ffn
x,y,e,xye
x,f,g,xfg
x,f,n,xfn
x,y,e,xye
x,f,n,xfn
f,f,g,ffg
x,y,g,xyg
x,y,g,xyg
f,f,n,ffn
x,f,g,xfg
f,f,n,ffn
x,y,e,xye
x,f,n,xfn
x,y,g,xyg
f,f,g,ffg
x,f,g,xfg
x,f,n,xfn
x,y,g,xyg
x,y,g,xyg
x,y,e,xye
x,y,n,xyn
x,y,g,xyg
f,y,n,fyn
x,s,g,xsg
x,f,g,xfg
x,f,e,xfe
x,s,p,xsp
x,y,n,xyn
x,f,e,xfe
x,y,n,xyn
x,y,e,xye
x,s,w,xsw
f,f,g,ffg
x,y,g,xyg
x,y,g,xyg
x,f,e,xfe
x,y,g,xyg
x,y,g,xyg
x,f,e,xfe
f,y,w,fyw
f,f,n,ffn
x,f,e,xfe
x,f,e,xfe
x,y,g,xyg
f,s,w,fsw
x,f,n,xfn
x,f,n,xfn
f,f,n,ffn
x,y,e,xye
x,y,e,xye
x,y,e,xye
f,f,n,ffn
x,f,g,xfg
f,f,n,ffn
f,f,e,ffe
x,y,e,xye
x,s,w,xsw
f,f,n,ffn
f,f,g,ffg
f,f,n,ffn
x,y,n,xyn
x,f,e,xfe
f,s,w,fsw
x,y,g,xyg
x,f,e,xfe
f,f,n,ffn
f,f,n,ffn
x,y,n,xyn
x,y,g,xyg
x,y,n,xyn
x,f,g,xfg
x,y,n,xyn
x,y,n,xyn
f,f,n,ffn
x,y,g,xyg
x,y,e,xye
x,y,n,xyn
x,f,g,xfg
f,f,g,ffg
x,y,e,xye
x,f,g,xfg
x,y,e,xye
x,f,e,xfe
x,f,g,xfg
x,f,p,xfp
x,f,g,xfg
f,f,g,ffg
x,f,g,xfg
x,y,g,xyg
x,y,g,xyg
f,f,g,ffg
x,f,g,xfg
x,f,e,xfe
x,f,n,xfn
x,y,n,xyn
f,f,n,ffn
f,f,n,ffn
f,f,g,ffg
x,f,g,xfg
x,y,n,xyn
x,y,e,xye
f,f,n,ffn
x,y,g,xyg
x,y,n,xyn
x,f,w,xfw
f,f,n,ffn
x,y,e,xye
x,y,n,xyn
f,f,g,ffg
x,f,e,xfe
x,f,g,xfg
x,y,e,xye
f,f,g,ffg
f,y,e,fye
x,f,e,xfe
x,f,g,xfg
x,y,n,xyn
x,y,n,xyn
x,y,n,xyn
x,y,n,xyn
x,y,g,xyg
x,y,n,xyn
x,f,g,xfg
x,y,e,xye
x,y,e,xye
x,y,g,xyg
f,f,e,ffe
f,f,n,ffn
f,f,n,ffn
x,y,g,xyg
x,y,g,xyg
x,f,e,xfe
f,f,n,ffn
f,f,n,ffn
x,y,e,xye
x,y,n,xyn
f,f,n,ffn
f,f,n,ffn
x,f,g,xfg
x,f,g,xfg
x,y,n,xyn
x,f,g,xfg
x,f,g,xfg
x,y,g,xyg
f,f,n,ffn
f,f,g,ffg
x,y,n,xyn
x,f,e,xfe
f,f,n,ffn
x,f,g,xfg
x,f,e,xfe
f,f,n,ffn
x,f,e,xfe
x,f,e,xfe
x,y,e,xye
f,y,g,fyg
f,f,n,ffn
x,f,g,xfg
f,f,g,ffg
x,y,n,xyn
x,y,g,xyg
x,y,g,xyg
x,f,n,xfn
x,y,e,xye
f,f,n,ffn
x,y,e,xye
x,f,n,xfn
f,f,n,ffn
x,y,e,xye
x,f,g,xfg
x,y,n,xyn
x,f,g,xfg
f,f,g,ffg
x,f,n,xfn
f,s,n,fsn
f,f,n,ffn
x,y,g,xyg
f,y,g,fyg
x,y,g,xyg
f,y,e,fye
x,y,g,xyg
x,f,g,xfg
f,f,g,ffg
x,y,n,xyn
f,f,n,ffn
x,y,e,xye
x,y,e,xye
f,y,n,fyn
x,y,n,xyn
x,f,g,xfg
f,f,g,ffg
f,f,w,ffw
x,y,n,xyn
x,f,g,xfg
f,y,e,fye
x,f,e,xfe
x,y,n,xyn
f,y,n,fyn
x,y,g,xyg
f,f,n,ffn
x,y,e,xye
x,y,e,xye
x,y,e,xye
x,f,e,xfe
x,f,e,xfe
x,f,e,xfe
f,f,n,ffn
x,f,g,xfg
x,f,g,xfg
x,y,g,xyg
x,y,n,xyn
x,f,e,xfe
x,f,e,xfe
x,f,g,xfg
x,f,e,xfe
f,f,n,ffn
x,f,e,xfe
f,f,n,ffn
f,f,n,ffn
f,f,n,ffn
x,f,g,xfg
x,f,e,xfe
x,y,e,xye
f,f,g,ffg
f,f,n,ffn
x,y,n,xyn
f,f,n,ffn
x,f,p,xfp
x,f,e,xfe
x,f,n,xfn
x,y,e,xye
f,f,n,ffn
f,f,n,ffn
x,y,g,xyg
f,s,n,fsn
x,y,g,xyg
x,y,n,xyn
x,y,n,xyn
f,f,g,ffg
x,f,e,xfe
f,f,n,ffn
x,f,g,xfg
x,y,e,xye
x,f,g,xfg
x,f,e,xfe
x,f,e,xfe
x,y,e,xye
f,f,n,ffn
f,f,n,ffn
x,y,n,xyn
x,f,e,xfe
x,y,e,xye
x,y,n,xyn
x,y,g,xyg
x,y,n,xyn
x,y,e,xye
x,f,e,xfe
x,f,e,xfe
x,y,e,xye
x,y,n,xyn
x,f,e,xfe
f,f,e,ffe
f,f,n,ffn
x,y,e,xye
x,f,n,xfn
x,y,e,xye
f,f,g,ffg
x,y,n,xyn
f,y,e,fye
x,y,n,xyn
x,y,e,xye
x,y,g,xyg
f,y,g,fyg
x,y,n,xyn
x,s,g,xsg
f,f,n,ffn
x,y,g,xyg
x,y,g,xyg
x,f,n,xfn
x,f,e,xfe
x,y,e,xye
x,y,n,xyn
x,f,e,xfe
x,y,e,xye
x,y,n,xyn
f,f,g,ffg
x,f,e,xfe
f,y,n,fyn
x,y,n,xyn
x,f,e,xfe
x,f,g,xfg
x,y,n,xyn
x,y,g,xyg
x,f,g,xfg
x,y,n,xyn
x,f,g,xfg
x,y,n,xyn
x,y,g,xyg
x,y,n,xyn
f,f,n,ffn
f,f,n,ffn
x,y,n,xyn
f,f,n,ffn
f,f,n,ffn
f,y,g,fyg
x,f,g,xfg
x,y,g,xyg
x,y,g,xyg
f,f,n,ffn
x,f,g,xfg
x,f,g,xfg
f,f,n,ffn
x,y,g,xyg
x,f,g,xfg
x,f,g,xfg
f,f,n,ffn
x,y,e,xye
x,y,n,xyn
x,f,e,xfe
x,f,e,xfe
x,y,n,xyn
f,f,n,ffn
x,f,e,xfe
x,f,g,xfg
f,f,n,ffn
x,y,e,xye
x,f,g,xfg
f,f,g,ffg
f,f,g,ffg
f,f,n,ffn
x,f,n,xfn
x,y,e,xye
f,s,g,fsg
x,y,e,xye
f,f,g,ffg
x,y,e,xye
x,f,g,xfg
f,f,n,ffn
x,f,e,xfe
x,f,e,xfe
x,f,g,xfg
x,f,w,xfw
x,y,e,xye
x,f,e,xfe
x,y,n,xyn
f,f,w,ffw
x,f,g,xfg
f,f,g,ffg
x,f,g,xfg
f,y,e,fye
x,f,e,xfe
x,y,n,xyn
x,y,e,xye
x,f,e,xfe
f,y,e,fye
f,f,n,ffn
x,y,g,xyg
x,y,g,xyg
x,f,g,xfg
x,f,e,xfe
x,f,n,xfn
f,f,n,ffn
x,f,e,xfe
x,y,g,xyg
x,y,n,xyn
x,f,g,xfg
x,y,e,xye
f,f,n,ffn
x,y,g,xyg
f,f,g,ffg
x,f,e,xfe
f,f,n,ffn
x,y,g,xyg
x,y,n,xyn
x,y,e,xye
x,f,e,xfe
x,f,n,xfn
f,f,n,ffn
x,y,g,xyg
x,f,e,xfe
f,f,n,ffn
f,f,n,ffn
x,y,e,xye
x,f,g,xfg
x,f,g,xfg
x,f,p,xfp
x,y,n,xyn
x,f,e,xfe
f,s,n,fsn
x,y,g,xyg
x,y,g,xyg
x,f,n,xfn
f,f,g,ffg
x,f,g,xfg
x,y,n,xyn
x,f,e,xfe
x,f,n,xfn
f,f,g,ffg
f,f,n,ffn
x,y,g,xyg
x,y,e,xye
x,y,g,xyg
f,f,g,ffg
x,f,e,xfe
x,s,p,xsp
f,y,n,fyn
x,y,e,xye
x,y,g,xyg
x,y,g,xyg
x,f,g,xfg
x,f,e,xfe
x,y,n,xyn
x,y,g,xyg
x,y,e,xye
x,y,n,xyn
x,y,g,xyg
x,y,n,xyn
x,f,e,xfe
x,f,e,xfe
x,y,g,xyg
f,f,g,ffg
f,f,e,ffe
f,f,g,ffg
x,y,e,xye
x,y,e,xye
x,s,w,xsw
x,y,n,xyn
x,y,e,xye
f,f,e,ffe
x,f,g,xfg
f,f,n,ffn
x,s,g,xsg
f,y,e,fye
x,y,g,xyg
x,f,n,xfn
x,y,e,xye
x,f,w,xfw
x,y,e,xye
f,f,g,ffg
f,f,n,ffn
x,y,n,xyn
f,f,n,ffn
x,f,g,xfg
f,y,n,fyn
x,y,g,xyg
f,y,n,fyn
x,f,g,xfg
x,f,g,xfg
x,y,g,xyg
x,y,g,xyg
x,f,g,xfg
x,f,e,xfe
x,f,g,xfg
x,f,g,xfg
f,f,g,ffg
x,y,e,xye
x,f,g,xfg
x,y,e,xye
x,f,n,xfn
x,y,g,xyg
x,y,e,xye
f,f,n,ffn
x,f,e,xfe
f,y,n,fyn
x,y,n,xyn
x,y,g,xyg
f,f,e,ffe
x,f,g,xfg
x,y,g,xyg
x,y,g,xyg
x,f,g,xfg
x,f,g,xfg
x,f,g,xfg
x,f,n,xfn
x,f,g,xfg
f,f,n,ffn
x,y,n,xyn
x,f,e,xfe
x,y,n,xyn
f,y,g,fyg
f,f,g,ffg
x,f,g,xfg
x,f,n,xfn
x,y,n,xyn
x,f,e,xfe
x,f,n,xfn
f,f,n,ffn
x,y,g,xyg
x,y,n,xyn
x,y,e,xye
f,f,g,ffg
x,f,g,xfg
x,y,e,xye
x,y,e,xye
x,f,g,xfg
x,y,n,xyn
x,f,e,xfe
f,f,n,ffn
x,f,e,xfe
f,f,n,ffn
x,y,e,xye
x,f,n,xfn
x,f,e,xfe
x,f,e,xfe
x,f,n,xfn
x,y,n,xyn
x,y,e,xye
f,f,n,ffn
x,y,n,xyn
x,y,e,xye
f,f,g,ffg
x,y,e,xye
x,y,e,xye
f,f,n,ffn
f,f,n,ffn
x,f,g,xfg
x,y,g,xyg
x,f,n,xfn
f,f,n,ffn
x,y,n,xyn
x,y,g,xyg
x,f,g,xfg
x,y,e,xye
x,f,g,xfg
x,y,e,xye
x,f,g,xfg
x,f,e,xfe
x,f,e,xfe
x,f,e,xfe
f,y,g,fyg
x,f,g,xfg
x,f,e,xfe
x,f,g,xfg
f,f,n,ffn
x,f,g,xfg
x,f,n,xfn
x,y,g,xyg
f,f,n,ffn
x,f,e,xfe
f,f,g,ffg
x,y,n,xyn
x,y,e,xye
x,y,e,xye
x,y,n,xyn
x,y,n,xyn
x,y,y,xyy
f,y,n,fyn
x,f,g,xfg
x,f,g,xfg
f,f,g,ffg
f,f,e,ffe
f,y,n,fyn
f,f,e,ffe
x,f,g,xfg
f,f,g,ffg
f,y,e,fye
f,y,e,fye
x,f,w,xfw
x,f,e,xfe
f,y,n,fyn
x,f,g,xfg
x,f,g,xfg
f,y,e,fye
f,y,e,fye
f,f,n,ffn
f,f,g,ffg
f,f,e,ffe
f,y,e,fye
f,y,e,fye
f,y,e,fye
x,f,p,xfp
x,f,g,xfg
f,f,e,ffe
f,y,g,fyg
f,y,g,fyg
f,f,g,ffg
f,f,e,ffe
f,y,e,fye
f,f,g,ffg
f,y,n,fyn
f,y,e,fye
x,f,g,xfg
f,f,e,ffe
f,y,e,fye
x,y,y,xyy
f,f,y,ffy
f,y,n,fyn
f,y,n,fyn
f,y,g,fyg
f,y,n,fyn
x,y,e,xye
x,s,p,xsp
f,y,n,fyn
x,y,e,xye
f,f,e,ffe
f,y,n,fyn
x,s,w,xsw
f,f,g,ffg
f,y,g,fyg
f,y,g,fyg
f,y,n,fyn
x,s,g,xsg
x,f,p,xfp
f,y,e,fye
x,f,g,xfg
x,s,w,xsw
x,f,g,xfg
f,y,n,fyn
x,y,y,xyy
f,y,g,fyg
f,y,n,fyn
f,y,g,fyg
x,s,w,xsw
x,f,g,xfg
f,y,g,fyg
x,y,n,xyn
f,y,g,fyg
x,f,g,xfg
f,y,n,fyn
f,f,g,ffg
f,f,e,ffe
x,f,n,xfn
f,f,g,ffg
f,y,g,fyg
f,y,g,fyg
f,y,e,fye
x,f,g,xfg
f,f,e,ffe
f,y,n,fyn
x,f,g,xfg
f,y,e,fye
x,f,g,xfg
f,y,e,fye
x,f,g,xfg
x,f,g,xfg
x,f,g,xfg
f,y,e,fye
x,f,g,xfg
f,f,e,ffe
x,s,g,xsg
f,y,g,fyg
x,s,p,xsp
f,f,e,ffe
f,f,e,ffe
f,y,e,fye
f,y,n,fyn
x,f,g,xfg
f,f,y,ffy
x,s,g,xsg
f,f,e,ffe
f,f,e,ffe
f,y,e,fye
f,y,n,fyn
x,f,g,xfg
x,f,g,xfg
f,f,g,ffg
f,y,e,fye
f,y,e,fye
f,f,g,ffg
f,y,n,fyn
f,y,n,fyn
f,f,e,ffe
x,s,g,xsg
x,f,w,xfw
f,f,g,ffg
f,y,g,fyg
x,f,g,xfg
x,y,e,xye
x,s,w,xsw
f,y,g,fyg
f,y,g,fyg
f,y,g,fyg
f,f,e,ffe
f,y,n,fyn
f,y,g,fyg
f,y,n,fyn
f,y,g,fyg
f,y,g,fyg
x,f,n,xfn
f,y,e,fye
f,f,e,ffe
f,y,e,fye
x,f,y,xfy
f,y,g,fyg
f,y,n,fyn
x,f,g,xfg
f,y,g,fyg
f,y,g,fyg
f,y,g,fyg
f,y,e,fye
f,y,g,fyg
x,s,w,xsw
x,f,w,xfw
f,f,n,ffn
f,f,e,ffe
f,y,e,fye
x,f,g,xfg
f,f,g,ffg
f,f,g,ffg
f,f,g,ffg
x,s,w,xsw
x,y,e,xye
f,y,e,fye
x,f,g,xfg
f,f,e,ffe
x,f,g,xfg
x,f,p,xfp
f,y,g,fyg
x,f,g,xfg
x,f,w,xfw
x,f,g,xfg
f,y,e,fye
x,y,g,xyg
x,s,g,xsg
f,y,g,fyg
f,y,n,fyn
f,f,e,ffe
x,f,g,xfg
x,f,p,xfp
x,y,n,xyn
f,f,e,ffe
f,y,n,fyn
f,y,g,fyg
x,y,g,xyg
f,y,n,fyn
x,f,p,xfp
x,f,w,xfw
f,f,e,ffe
f,y,n,fyn
f,y,e,fye
f,y,g,fyg
x,f,g,xfg
x,f,g,xfg
f,f,e,ffe
x,y,y,xyy
x,s,p,xsp
f,f,e,ffe
f,f,y,ffy
f,y,e,fye
f,y,e,fye
x,f,n,xfn
f,f,e,ffe
f,f,g,ffg
x,f,g,xfg
f,y,e,fye
f,f,g,ffg
f,y,e,fye
f,f,e,ffe
f,f,g,ffg
x,f,g,xfg
f,y,g,fyg
f,y,g,fyg
x,f,g,xfg
x,f,w,xfw
f,f,e,ffe
x,f,y,xfy
f,y,e,fye
f,y,g,fyg
f,f,e,ffe
f,f,g,ffg
f,y,g,fyg
f,f,e,ffe
x,s,g,xsg
f,y,g,fyg
f,y,n,fyn
f,y,g,fyg
f,y,g,fyg
f,y,n,fyn
x,f,g,xfg
f,f,g,ffg
x,f,g,xfg
x,s,w,xsw
f,f,g,ffg
f,f,g,ffg
f,y,g,fyg
x,f,g,xfg
x,s,w,xsw
x,f,g,xfg
x,y,g,xyg
x,f,g,xfg
f,y,e,fye
f,y,g,fyg
x,f,g,xfg
x,f,g,xfg
f,y,g,fyg
f,y,g,fyg
x,s,w,xsw
x,y,y,xyy
f,f,e,ffe
x,f,g,xfg
x,f,g,xfg
x,y,n,xyn
x,f,g,xfg
f,y,n,fyn
f,f,g,ffg
f,y,g,fyg
f,y,g,fyg
x,s,g,xsg
f,f,g,ffg
f,y,e,fye
f,y,n,fyn
f,y,g,fyg
x,f,p,xfp
x,f,g,xfg
f,y,g,fyg
f,f,g,ffg
x,s,p,xsp
x,y,g,xyg
x,f,g,xfg
x,f,g,xfg
f,y,n,fyn
f,y,n,fyn
x,s,g,xsg
f,f,g,ffg
x,f,p,xfp
f,y,e,fye
f,y,g,fyg
f,f,e,ffe
x,f,y,xfy
f,f,g,ffg
x,f,w,xfw
x,f,g,xfg
f,f,e,ffe
f,y,g,fyg
x,f,g,xfg
x,f,g,xfg
x,s,p,xsp
x,y,g,xyg
x,f,g,xfg
f,y,n,fyn
x,y,n,xyn
f,y,e,fye
f,y,g,fyg
f,f,e,ffe
f,y,g,fyg
f,f,g,ffg
x,f,p,xfp
f,f,e,ffe
f,f,e,ffe
x,s,w,xsw
f,f,g,ffg
f,y,n,fyn
x,f,g,xfg
f,f,e,ffe
x,f,g,xfg
f,f,e,ffe
f,y,g,fyg
f,f,g,ffg
x,f,g,xfg
f,y,e,fye
x,f,w,xfw
f,y,n,fyn
x,y,g,xyg
f,y,n,fyn
f,y,e,fye
f,y,g,fyg
f,y,e,fye
x,f,g,xfg
f,y,g,fyg
f,y,g,fyg
f,f,g,ffg
f,y,g,fyg
f,f,e,ffe
f,f,e,ffe
f,y,n,fyn
f,f,n,ffn
x,f,p,xfp
x,f,g,xfg
f,y,g,fyg
f,y,e,fye
x,s,w,xsw
x,f,p,xfp
x,f,g,xfg
x,f,g,xfg
f,y,e,fye
x,s,p,xsp
f,y,g,fyg
f,y,n,fyn
x,f,g,xfg
f,y,n,fyn
x,f,e,xfe
x,f,w,xfw
f,y,n,fyn
x,f,g,xfg
f,y,e,fye
x,f,y,xfy
f,f,g,ffg
x,f,e,xfe
f,y,e,fye
f,y,g,fyg
x,f,g,xfg
f,y,g,fyg
f,f,e,ffe
x,f,g,xfg
f,y,n,fyn
x,s,g,xsg
x,f,g,xfg
f,f,e,ffe
f,y,n,fyn
f,y,g,fyg
f,f,g,ffg
x,f,w,xfw
x,f,g,xfg
x,f,g,xfg
f,f,e,ffe
f,y,e,fye
f,y,g,fyg
x,f,g,xfg
f,y,e,fye
x,f,p,xfp
x,s,g,xsg
f,y,e,fye
f,f,e,ffe
f,y,e,fye
f,y,n,fyn
x,s,p,xsp
x,f,g,xfg
f,f,e,ffe
f,y,e,fye
f,f,g,ffg
f,f,e,ffe
f,y,n,fyn
f,y,e,fye
f,f,y,ffy
x,f,g,xfg
x,s,p,xsp
x,y,e,xye
f,f,g,ffg
f,f,e,ffe
x,f,e,xfe
f,y,g,fyg
f,f,e,ffe
x,s,w,xsw
x,y,g,xyg
x,f,p,xfp
f,y,g,fyg
x,y,n,xyn
x,f,g,xfg
f,y,n,fyn
x,f,p,xfp
f,f,e,ffe
x,s,w,xsw
x,y,n,xyn
x,f,g,xfg
x,s,g,xsg
f,y,n,fyn
x,f,g,xfg
x,s,p,xsp
f,y,e,fye
x,s,g,xsg
x,y,g,xyg
x,y,g,xyg
f,y,n,fyn
f,y,n,fyn
f,f,n,ffn
x,s,g,xsg
f,f,g,ffg
x,f,e,xfe
f,f,g,ffg
f,y,e,fye
f,y,n,fyn
x,f,g,xfg
x,s,g,xsg
f,y,e,fye
x,y,g,xyg
x,f,g,xfg
f,y,n,fyn
f,y,g,fyg
f,f,e,ffe
x,f,y,xfy
x,s,g,xsg
f,y,g,fyg
f,y,n,fyn
f,y,n,fyn
f,y,g,fyg
f,y,g,fyg
x,f,g,xfg
f,y,g,fyg
f,f,e,ffe
x,f,g,xfg
f,y,g,fyg
f,y,g,fyg
f,f,e,ffe
x,f,g,xfg
f,y,g,fyg
x,f,p,xfp
f,f,e,ffe
x,f,p,xfp
x,s,w,xsw
f,y,g,fyg
x,s,p,xsp
x,f,g,xfg
x,f,n,xfn
f,y,g,fyg
f,y,e,fye
x,f,g,xfg
x,f,g,xfg
x,f,g,xfg
x,f,w,xfw
f,y,n,fyn
f,y,g,fyg
x,f,w,xfw
x,y,g,xyg
f,y,n,fyn
f,f,g,ffg
x,y,e,xye
f,y,e,fye
x,f,w,xfw
f,f,e,ffe
x,y,y,xyy
f,f,g,ffg
f,y,n,fyn
x,f,g,xfg
x,s,p,xsp
f,f,e,ffe
x,f,g,xfg
f,y,g,fyg
x,f,g,xfg
x,y,n,xyn
f,y,g,fyg
f,f,g,ffg
x,f,g,xfg
f,y,n,fyn
x,f,g,xfg
f,y,g,fyg
f,f,e,ffe
f,f,e,ffe
x,s,w,xsw
x,f,w,xfw
f,f,e,ffe
f,f,e,ffe
f,y,n,fyn
x,f,g,xfg
f,y,g,fyg
x,f,g,xfg
f,f,e,ffe
x,f,g,xfg
f,y,g,fyg
f,f,e,ffe
f,y,n,fyn
x,f,g,xfg
f,f,e,ffe
x,f,g,xfg
f,y,g,fyg
x,f,w,xfw
f,f,e,ffe
f,f,e,ffe
f,y,e,fye
x,f,e,xfe
f,y,n,fyn
x,f,g,xfg
x,f,g,xfg
x,f,g,xfg
f,y,g,fyg
f,y,n,fyn
x,y,g,xyg
f,y,g,fyg
f,f,g,ffg
f,y,e,fye
x,s,g,xsg
f,y,e,fye
f,y,n,fyn
x,f,e,xfe
f,y,e,fye
f,y,g,fyg
x,s,p,xsp
f,f,g,ffg
f,f,g,ffg
f,f,e,ffe
x,f,p,xfp
f,f,n,ffn
f,y,g,fyg
f,y,e,fye
f,y,e,fye
x,f,g,xfg
x,s,w,xsw
f,y,g,fyg
x,y,g,xyg
f,y,n,fyn
f,y,n,fyn
x,s,g,xsg
f,y,g,fyg
f,y,e,fye
x,f,g,xfg
x,y,n,xyn
f,y,e,fye
f,f,e,ffe
x,s,p,xsp
x,f,g,xfg
f,y,e,fye
f,y,g,fyg
x,s,p,xsp
f,f,g,ffg
f,f,e,ffe
f,f,n,ffn
x,y,g,xyg
x,y,n,xyn
f,y,n,fyn
x,f,p,xfp
f,f,e,ffe
x,y,y,xyy
x,s,g,xsg
f,y,n,fyn
f,f,g,ffg
x,f,g,xfg
f,y,g,fyg
f,y,g,fyg
f,y,g,fyg
x,y,n,xyn
x,f,y,xfy
f,f,g,ffg
x,f,g,xfg
f,y,e,fye
f,f,e,ffe
f,f,g,ffg
f,f,e,ffe
x,f,y,xfy
f,f,e,ffe
f,f,g,ffg
f,f,e,ffe
f,y,e,fye
f,y,e,fye
f,y,n,fyn
f,f,g,ffg
f,f,e,ffe
x,f,g,xfg
f,y,n,fyn
x,f,g,xfg
f,y,n,fyn
f,y,g,fyg
x,f,e,xfe
f,y,e,fye
f,f,g,ffg
x,y,g,xyg
x,f,p,xfp
x,y,n,xyn
f,y,n,fyn
f,y,g,fyg
f,f,g,ffg
f,y,g,fyg
f,y,e,fye
x,f,g,xfg
f,y,n,fyn
x,f,g,xfg
f,f,e,ffe
x,y,n,xyn
x,y,g,xyg
f,y,e,fye
x,y,g,xyg
x,s,g,xsg
x,f,g,xfg
x,f,g,xfg
f,f,g,ffg
f,f,g,ffg
x,f,g,xfg
f,y,e,fye
f,y,n,fyn
f,y,n,fyn
x,y,y,xyy
f,y,g,fyg
x,f,p,xfp
f,f,e,ffe
f,y,n,fyn
x,y,n,xyn
f,f,e,ffe
x,f,g,xfg
x,f,g,xfg
f,f,g,ffg
x,f,n,xfn
x,f,g,xfg
f,f,g,ffg
x,f,p,xfp
f,y,n,fyn
f,y,g,fyg
x,f,g,xfg
x,f,e,xfe
x,s,g,xsg
x,f,g,xfg
f,y,n,fyn
x,f,g,xfg
f,y,e,fye
f,f,g,ffg
f,f,g,ffg
f,y,n,fyn
f,y,e,fye
f,y,g,fyg
f,y,e,fye
f,y,n,fyn
x,y,y,xyy
f,f,g,ffg
f,y,n,fyn
x,f,g,xfg
x,f,g,xfg
x,f,g,xfg
f,y,e,fye
f,y,n,fyn
x,y,g,xyg
x,f,g,xfg
f,y,g,fyg
f,y,n,fyn
x,f,g,xfg
f,f,e,ffe
f,f,y,ffy
f,y,n,fyn
x,y,e,xye
x,f,g,xfg
x,y,n,xyn
x,s,w,xsw
f,y,g,fyg
f,f,e,ffe
f,y,g,fyg
x,f,g,xfg
f,y,e,fye
f,y,e,fye
x,s,p,xsp
f,f,e,ffe
f,f,g,ffg
f,f,g,ffg
f,f,g,ffg
x,f,g,xfg
f,y,n,fyn
f,y,g,fyg
f,y,n,fyn
x,s,p,xsp
f,y,e,fye
f,y,g,fyg
f,y,e,fye
x,s,w,xsw
x,f,g,xfg
f,y,n,fyn
x,f,g,xfg
x,f,w,xfw
f,y,n,fyn
f,y,g,fyg
f,y,g,fyg
f,y,g,fyg
x,f,w,xfw
f,f,e,ffe
x,f,g,xfg
f,y,n,fyn
f,y,n,fyn
x,s,p,xsp
f,y,g,fyg
x,s,p,xsp
x,y,n,xyn
x,y,g,xyg
f,y,e,fye
x,f,p,xfp
x,f,g,xfg
f,f,e,ffe
f,f,e,ffe
x,f,g,xfg
x,f,g,xfg
f,y,g,fyg
x,f,g,xfg
f,f,e,ffe
f,y,n,fyn
f,y,y,fyy
f,y,e,fye
f,y,e,fye
f,y,n,fyn
x,f,n,xfn
f,y,g,fyg
f,y,g,fyg
f,f,e,ffe
f,y,n,fyn
x,y,g,xyg
x,y,n,xyn
x,f,g,xfg
x,s,w,xsw
f,f,y,ffy
f,y,n,fyn
f,y,e,fye
f,f,e,ffe
f,f,e,ffe
f,y,e,fye
f,y,n,fyn
f,y,e,fye
x,y,g,xyg
f,y,e,fye
f,y,n,fyn
x,f,g,xfg
x,f,w,xfw
x,f,g,xfg
x,y,n,xyn
f,f,y,ffy
x,s,g,xsg
f,y,e,fye
f,y,e,fye
f,f,e,ffe
x,f,y,xfy
f,y,n,fyn
f,f,e,ffe
f,y,e,fye
x,f,y,xfy
x,f,g,xfg
f,f,e,ffe
x,s,g,xsg
x,f,w,xfw
x,f,g,xfg
f,y,g,fyg
f,f,e,ffe
f,f,y,ffy
f,f,e,ffe
f,y,e,fye
f,f,g,ffg
f,y,e,fye
f,f,g,ffg
f,y,n,fyn
f,y,e,fye
f,y,n,fyn
f,f,e,ffe
f,y,e,fye
f,f,g,ffg
x,f,g,xfg
f,y,n,fyn
f,y,n,fyn
x,f,e,xfe
f,f,n,ffn
x,f,g,xfg
f,y,e,fye
x,y,g,xyg
f,y,n,fyn
f,y,n,fyn
f,y,g,fyg
x,f,g,xfg
f,f,e,ffe
f,f,g,ffg
f,y,g,fyg
f,y,g,fyg
f,f,g,ffg
f,f,y,ffy
x,y,n,xyn
f,y,g,fyg
f,f,g,ffg
f,y,n,fyn
x,f,g,xfg
f,y,e,fye
x,s,w,xsw
f,y,n,fyn
x,s,w,xsw
f,y,e,fye
f,f,g,ffg
f,f,e,ffe
f,y,e,fye
x,s,g,xsg
f,y,e,fye
f,y,e,fye
x,f,p,xfp
f,f,e,ffe
x,s,p,xsp
f,f,e,ffe
f,f,g,ffg
f,y,g,fyg
x,f,g,xfg
f,y,n,fyn
f,y,e,fye
f,y,n,fyn
x,s,p,xsp
x,y,g,xyg
f,f,e,ffe
f,f,g,ffg
f,y,g,fyg
f,y,e,fye
f,y,e,fye
x,f,g,xfg
x,f,g,xfg
x,y,n,xyn
f,y,e,fye
f,f,e,ffe
x,f,w,xfw
f,y,e,fye
f,y,g,fyg
x,f,g,xfg
f,y,g,fyg
x,s,w,xsw
f,f,e,ffe
x,s,w,xsw
x,f,g,xfg
x,f,g,xfg
f,y,g,fyg
f,y,g,fyg
f,y,e,fye
f,y,e,fye
x,f,g,xfg
f,f,e,ffe
f,f,e,ffe
x,y,g,xyg
f,f,e,ffe
x,f,g,xfg
f,y,g,fyg
f,y,e,fye
f,y,e,fye
f,y,g,fyg
x,f,e,xfe
f,y,g,fyg
x,s,p,xsp
f,y,n,fyn
x,f,g,xfg
f,y,e,fye
f,y,g,fyg
f,f,e,ffe
x,s,w,xsw
x,f,w,xfw
x,y,n,xyn
f,f,e,ffe
f,y,e,fye
x,y,g,xyg
x,f,g,xfg
x,f,w,xfw
f,y,n,fyn
f,f,e,ffe
x,f,w,xfw
x,s,g,xsg
x,y,e,xye
x,f,g,xfg
x,f,g,xfg
x,f,g,xfg
x,s,g,xsg
x,f,g,xfg
x,f,p,xfp
f,f,e,ffe
x,s,p,xsp
x,f,g,xfg
f,y,e,fye
x,f,g,xfg
x,s,g,xsg
f,y,g,fyg
f,y,n,fyn
x,f,g,xfg
f,f,e,ffe
x,s,w,xsw
f,y,n,fyn
x,f,g,xfg
f,y,g,fyg
f,y,g,fyg
x,f,g,xfg
f,y,g,fyg
x,f,g,xfg
f,f,g,ffg
f,f,e,ffe
f,f,g,ffg
x,f,w,xfw
f,f,g,ffg
x,f,g,xfg
x,y,y,xyy
f,y,g,fyg
x,f,y,xfy
x,f,w,xfw
x,y,y,xyy
x,y,y,xyy
x,f,y,xfy
f,f,y,ffy
f,f,y,ffy
f,y,g,fyg
x,y,g,xyg
f,f,y,ffy
f,f,y,ffy
x,f,g,xfg
f,y,n,fyn
f,y,e,fye
x,y,y,xyy
f,y,g,fyg
f,y,g,fyg
f,y,e,fye
f,y,g,fyg
f,f,e,ffe
f,f,g,ffg
f,f,g,ffg
x,f,g,xfg
x,y,y,xyy
f,f,y,ffy
f,y,e,fye
x,f,y,xfy
f,y,g,fyg
f,f,y,ffy
f,y,y,fyy
x,y,g,xyg
f,f,y,ffy
x,s,p,xsp
x,y,y,xyy
f,f,e,ffe
f,y,e,fye
x,f,p,xfp
x,f,y,xfy
f,y,g,fyg
x,y,g,xyg
f,f,e,ffe
f,y,g,fyg
f,y,g,fyg
x,f,y,xfy
f,y,g,fyg
f,f,e,ffe
x,y,y,xyy
f,f,y,ffy
x,y,y,xyy
f,f,g,ffg
x,s,p,xsp
x,f,g,xfg
x,y,g,xyg
x,y,y,xyy
f,f,g,ffg
f,y,g,fyg
x,s,g,xsg
x,y,y,xyy
f,f,g,ffg
f,f,y,ffy
x,y,g,xyg
f,f,y,ffy
x,y,g,xyg
f,y,g,fyg
f,y,y,fyy
x,f,y,xfy
x,s,w,xsw
x,y,g,xyg
x,f,g,xfg
f,y,n,fyn
f,f,g,ffg
x,f,y,xfy
x,s,p,xsp
f,f,g,ffg
x,f,g,xfg
x,s,w,xsw
f,f,e,ffe
f,y,g,fyg
x,f,p,xfp
f,s,w,fsw
x,y,y,xyy
x,y,b,xyb
f,f,g,ffg
x,f,g,xfg
x,f,y,xfy
f,f,y,ffy
f,f,g,ffg
x,f,y,xfy
x,y,g,xyg
f,f,g,ffg
x,f,g,xfg
x,f,g,xfg
x,y,g,xyg
x,s,g,xsg
x,y,g,xyg
f,y,g,fyg
f,f,y,ffy
f,f,e,ffe
f,y,g,fyg
f,y,n,fyn
f,f,e,ffe
x,y,g,xyg
x,y,g,xyg
f,f,e,ffe
f,f,g,ffg
f,f,g,ffg
f,y,e,fye
f,y,e,fye
f,f,g,ffg
x,f,e,xfe
f,y,g,fyg
x,y,y,xyy
f,y,y,fyy
x,f,y,xfy
x,y,y,xyy
x,f,g,xfg
x,y,g,xyg
f,y,g,fyg
f,f,y,ffy
x,y,g,xyg
x,y,e,xye
x,y,g,xyg
x,y,g,xyg
x,s,g,xsg
f,f,g,ffg
f,s,b,fsb
x,y,g,xyg
x,y,y,xyy
x,s,w,xsw
x,y,y,xyy
f,f,e,ffe
x,y,g,xyg
x,f,y,xfy
x,f,y,xfy
f,f,g,ffg
x,f,y,xfy
f,f,g,ffg
x,f,g,xfg
f,y,n,fyn
f,y,g,fyg
f,f,g,ffg
f,f,g,ffg
x,s,w,xsw
x,y,g,xyg
f,y,n,fyn
x,f,w,xfw
x,f,y,xfy
x,f,y,xfy
x,f,p,xfp
f,f,y,ffy
f,f,g,ffg
f,y,e,fye
x,y,y,xyy
f,f,y,ffy
x,f,g,xfg
x,s,p,xsp
x,f,e,xfe
x,y,y,xyy
f,f,n,ffn
f,y,e,fye
f,y,y,fyy
x,f,y,xfy
x,y,g,xyg
f,f,g,ffg
f,f,y,ffy
f,y,g,fyg
x,y,g,xyg
x,y,y,xyy
f,f,g,ffg
f,f,y,ffy
f,f,e,ffe
f,y,n,fyn
x,f,y,xfy
f,y,u,fyu
f,y,n,fyn
f,y,y,fyy
f,f,y,ffy
x,y,g,xyg
x,y,g,xyg
f,f,y,ffy
x,y,y,xyy
x,f,y,xfy
x,y,g,xyg
x,f,y,xfy
x,f,g,xfg
f,y,g,fyg
f,y,e,fye
x,f,g,xfg
f,f,y,ffy
f,y,n,fyn
f,f,g,ffg
f,y,g,fyg
x,f,e,xfe
f,f,e,ffe
f,y,y,fyy
x,f,w,xfw
x,y,g,xyg
x,y,e,xye
x,f,y,xfy
f,y,g,fyg
f,y,g,fyg
x,y,n,xyn
f,y,e,fye
b,s,b,bsb
f,f,g,ffg
f,f,g,ffg
f,y,g,fyg
f,f,y,ffy
f,f,y,ffy
f,f,g,ffg
f,f,e,ffe
x,f,g,xfg
f,f,y,ffy
x,f,y,xfy
x,f,y,xfy
f,f,y,ffy
f,f,y,ffy
x,y,g,xyg
f,y,e,fye
f,f,g,ffg
f,f,y,ffy
f,f,n,ffn
x,y,y,xyy
x,y,y,xyy
f,y,n,fyn
f,y,g,fyg
f,f,e,ffe
x,y,y,xyy
f,y,g,fyg
x,y,y,xyy
x,s,g,xsg
f,f,g,ffg
f,y,g,fyg
x,f,g,xfg
f,y,g,fyg
f,y,n,fyn
x,y,y,xyy
f,f,g,ffg
f,y,e,fye
f,y,e,fye
f,s,g,fsg
x,f,g,xfg
f,y,g,fyg
x,y,g,xyg
x,f,y,xfy
f,y,g,fyg
f,y,g,fyg
f,y,e,fye
x,y,g,xyg
f,y,g,fyg
x,y,g,xyg
f,f,e,ffe
f,y,e,fye
f,y,e,fye
f,f,y,ffy
f,f,g,ffg
f,y,n,fyn
x,y,g,xyg
f,f,g,ffg
x,f,y,xfy
x,y,y,xyy
x,y,y,xyy
f,f,c,ffc
x,f,g,xfg
f,f,g,ffg
x,y,g,xyg
f,y,g,fyg
x,s,b,xsb
f,f,g,ffg
x,y,g,xyg
f,f,y,ffy
f,f,g,ffg
f,f,g,ffg
f,f,g,ffg
x,f,y,xfy
x,f,y,xfy
f,y,e,fye
f,y,g,fyg
f,f,g,ffg
x,y,y,xyy
f,f,g,ffg
x,f,g,xfg
x,f,g,xfg
f,y,n,fyn
f,f,g,ffg
x,y,g,xyg
f,y,y,fyy
f,f,y,ffy
f,f,g,ffg
f,f,g,ffg
f,y,g,fyg
f,s,b,fsb
f,f,e,ffe
x,y,n,xyn
x,y,g,xyg
x,f,g,xfg
x,f,p,xfp
x,y,n,xyn
f,f,g,ffg
x,f,y,xfy
x,s,g,xsg
f,y,g,fyg
x,f,y,xfy
f,y,g,fyg
f,f,g,ffg
f,y,g,fyg
x,y,g,xyg
f,f,g,ffg
x,f,y,xfy
f,f,y,ffy
x,f,y,xfy
x,f,y,xfy
x,y,y,xyy
f,s,g,fsg
x,f,y,xfy
f,f,y,ffy
f,y,g,fyg
f,f,y,ffy
f,f,y,ffy
x,y,g,xyg
x,y,g,xyg
f,y,e,fye
f,f,y,ffy
f,f,g,ffg
f,y,g,fyg
x,f,y,xfy
x,f,y,xfy
x,f,g,xfg
x,y,y,xyy
f,s,w,fsw
f,f,y,ffy
f,f,y,ffy
f,y,g,fyg
f,f,y,ffy
f,f,y,ffy
f,f,g,ffg
x,y,g,xyg
x,f,y,xfy
f,f,g,ffg
x,f,y,xfy
f,y,g,fyg
x,y,y,xyy
x,s,w,xsw
f,f,g,ffg
x,s,b,xsb
f,y,g,fyg
x,y,g,xyg
x,f,y,xfy
x,f,y,xfy
x,y,y,xyy
f,y,g,fyg
f,y,y,fyy
x,y,g,xyg
f,f,y,ffy
f,y,y,fyy
f,f,y,ffy
x,y,g,xyg
f,f,g,ffg
x,y,g,xyg
x,f,p,xfp
x,y,y,xyy
x,f,y,xfy
f,f,y,ffy
x,y,g,xyg
f,f,g,ffg
x,y,g,xyg
x,f,y,xfy
x,f,y,xfy
x,y,g,xyg
x,y,y,xyy
f,y,g,fyg
f,y,g,fyg
x,f,y,xfy
k,y,n,kyn
f,f,g,ffg
x,y,y,xyy
f,f,y,ffy
x,y,g,xyg
x,f,g,xfg
f,f,y,ffy
f,s,p,fsp
f,f,y,ffy
x,f,y,xfy
x,y,g,xyg
f,y,g,fyg
x,f,y,xfy
f,y,g,fyg
f,y,g,fyg
k,s,p,ksp
x,f,y,xfy
f,f,y,ffy
f,f,g,ffg
f,f,g,ffg
x,f,y,xfy
f,f,g,ffg
x,y,g,xyg
f,y,y,fyy
f,f,g,ffg
x,f,y,xfy
f,f,g,ffg
f,f,g,ffg
f,f,y,ffy
f,y,g,fyg
f,y,g,fyg
f,y,g,fyg
f,y,g,fyg
x,y,y,xyy
x,y,g,xyg
x,y,y,xyy
f,f,y,ffy
x,f,y,xfy
x,y,y,xyy
f,f,g,ffg
x,f,y,xfy
f,f,g,ffg
f,y,g,fyg
f,f,g,ffg
f,y,y,fyy
f,f,g,ffg
x,f,y,xfy
f,y,g,fyg
f,y,g,fyg
f,y,g,fyg
x,y,r,xyr
f,y,y,fyy
x,f,y,xfy
x,y,n,xyn
f,y,y,fyy
k,y,n,kyn
f,f,y,ffy
x,y,g,xyg
x,y,g,xyg
f,y,g,fyg
x,f,y,xfy
x,f,g,xfg
x,y,g,xyg
x,y,g,xyg
x,y,g,xyg
f,y,e,fye
f,f,y,ffy
x,y,y,xyy
f,f,y,ffy
x,f,y,xfy
f,f,g,ffg
f,f,g,ffg
x,y,y,xyy
f,s,b,fsb
x,y,g,xyg
x,y,y,xyy
f,f,g,ffg
f,y,g,fyg
f,f,y,ffy
f,y,g,fyg
x,y,g,xyg
x,s,e,xse
f,f,g,ffg
f,f,y,ffy
f,y,g,fyg
x,y,y,xyy
f,y,g,fyg
x,f,y,xfy
b,y,w,byw
f,s,b,fsb
x,y,y,xyy
f,y,g,fyg
f,y,g,fyg
f,y,y,fyy
f,f,g,ffg
x,y,y,xyy
x,f,y,xfy
f,f,g,ffg
x,s,w,xsw
f,y,g,fyg
x,y,n,xyn
f,y,g,fyg
f,f,g,ffg
f,y,e,fye
x,y,b,xyb
x,y,y,xyy
x,y,y,xyy
x,y,y,xyy
x,y,y,xyy
f,f,y,ffy
f,y,g,fyg
x,f,g,xfg
f,y,y,fyy
x,y,g,xyg
x,y,y,xyy
f,y,g,fyg
f,y,y,fyy
x,y,g,xyg
f,y,g,fyg
f,y,g,fyg
x,y,u,xyu
x,f,g,xfg
f,f,y,ffy
f,f,y,ffy
x,f,y,xfy
f,f,y,ffy
f,f,g,ffg
f,y,g,fyg
f,f,g,ffg
f,f,y,ffy
f,y,y,fyy
f,f,g,ffg
f,y,g,fyg
f,f,y,ffy
f,f,e,ffe
f,s,b,fsb
f,y,g,fyg
f,f,g,ffg
x,y,y,xyy
f,f,y,ffy
f,y,y,fyy
f,y,n,fyn
f,y,y,fyy
x,s,b,xsb
x,y,y,xyy
x,f,y,xfy
x,y,y,xyy
f,y,g,fyg
f,f,e,ffe
f,f,y,ffy
f,f,y,ffy
x,y,y,xyy
x,f,y,xfy
x,y,n,xyn
f,f,y,ffy
x,y,y,xyy
f,f,y,ffy
f,f,y,ffy
f,y,g,fyg
f,y,g,fyg
f,y,g,fyg
f,f,g,ffg
x,s,g,xsg
x,y,y,xyy
f,s,g,fsg
x,y,g,xyg
x,y,y,xyy
x,y,y,xyy
f,y,g,fyg
f,f,g,ffg
f,y,y,fyy
f,y,g,fyg
x,y,y,xyy
x,y,g,xyg
x,f,y,xfy
f,y,n,fyn
x,y,g,xyg
f,f,y,ffy
x,y,g,xyg
x,y,y,xyy
f,f,g,ffg
f,f,g,ffg
x,y,y,xyy
k,y,b,kyb
x,y,y,xyy
x,y,n,xyn
f,y,g,fyg
x,y,g,xyg
f,y,y,fyy
f,y,g,fyg
f,f,g,ffg
f,y,y,fyy
x,f,y,xfy
x,s,w,xsw
x,y,y,xyy
f,f,y,ffy
x,f,y,xfy
x,y,y,xyy
f,y,y,fyy
x,y,y,xyy
x,y,y,xyy
f,y,g,fyg
f,f,y,ffy
f,f,g,ffg
f,y,n,fyn
x,y,y,xyy
x,y,g,xyg
f,y,g,fyg
f,y,g,fyg
x,y,y,xyy
f,f,g,ffg
x,y,g,xyg
x,y,y,xyy
x,f,y,xfy
f,f,y,ffy
f,f,c,ffc
f,y,g,fyg
x,y,g,xyg
f,f,y,ffy
f,f,y,ffy
x,s,g,xsg
f,s,n,fsn
x,y,n,xyn
x,s,g,xsg
x,f,y,xfy
f,y,g,fyg
f,y,g,fyg
x,y,y,xyy
x,y,y,xyy
x,y,g,xyg
f,y,g,fyg
f,y,g,fyg
f,f,y,ffy
x,f,y,xfy
f,f,y,ffy
f,f,g,ffg
f,f,y,ffy
f,y,y,fyy
f,f,y,ffy
f,f,y,ffy
x,y,g,xyg
x,y,g,xyg
x,y,g,xyg
x,s,b,xsb
f,f,g,ffg
x,f,y,xfy
x,y,n,xyn
x,y,g,xyg
f,y,g,fyg
f,y,g,fyg
f,f,y,ffy
x,y,y,xyy
x,f,y,xfy
f,f,g,ffg
x,y,g,xyg
f,f,y,ffy
x,f,y,xfy
x,y,u,xyu
f,y,b,fyb
f,y,y,fyy
x,y,y,xyy
x,y,g,xyg
f,f,g,ffg
f,y,g,fyg
f,f,g,ffg
f,y,g,fyg
x,f,y,xfy
f,f,y,ffy
f,f,g,ffg
f,y,y,fyy
f,y,y,fyy
f,f,g,ffg
f,s,b,fsb
f,s,w,fsw
x,y,y,xyy
f,f,y,ffy
f,y,g,fyg
x,y,y,xyy
x,f,y,xfy
x,f,y,xfy
f,f,g,ffg
x,y,u,xyu
x,y,g,xyg
f,f,y,ffy
x,y,y,xyy
f,y,g,fyg
x,y,y,xyy
x,f,y,xfy
x,y,y,xyy
f,f,y,ffy
x,y,g,xyg
f,y,g,fyg
f,y,g,fyg
x,f,y,xfy
f,f,e,ffe
x,y,y,xyy
f,f,g,ffg
x,y,g,xyg
f,y,g,fyg
f,f,g,ffg
f,f,g,ffg
f,f,g,ffg
f,y,g,fyg
f,f,y,ffy
x,f,y,xfy
x,y,g,xyg
x,y,g,xyg
x,f,w,xfw
f,f,g,ffg
x,f,y,xfy
f,y,g,fyg
x,f,y,xfy
f,y,g,fyg
f,y,g,fyg
f,f,y,ffy
x,y,g,xyg
f,y,y,fyy
f,f,y,ffy
x,f,y,xfy
f,f,y,ffy
x,y,y,xyy
f,f,y,ffy
x,f,y,xfy
f,y,g,fyg
f,f,g,ffg
f,f,y,ffy
f,f,g,ffg
f,f,g,ffg
f,f,y,ffy
x,y,y,xyy
x,y,y,xyy
f,f,y,ffy
x,y,y,xyy
x,y,y,xyy
x,y,n,xyn
f,y,b,fyb
x,f,y,xfy
x,y,y,xyy
f,y,g,fyg
x,y,y,xyy
f,y,g,fyg
f,y,g,fyg
f,f,g,ffg
x,f,y,xfy
f,f,y,ffy
f,f,y,ffy
f,y,g,fyg
f,y,g,fyg
f,f,g,ffg
f,y,g,fyg
f,f,g,ffg
f,y,g,fyg
x,f,g,xfg
f,s,b,fsb
f,f,e,ffe
x,y,y,xyy
x,y,g,xyg
f,y,g,fyg
f,f,g,ffg
x,y,y,xyy
x,y,y,xyy
f,f,y,ffy
x,f,y,xfy
x,f,y,xfy
x,y,g,xyg
f,s,w,fsw
x,y,g,xyg
x,f,y,xfy
f,y,g,fyg
x,y,g,xyg
x,f,y,xfy
f,y,u,fyu
f,f,y,ffy
f,y,g,fyg
x,y,y,xyy
f,f,g,ffg
f,y,n,fyn
x,f,y,xfy
f,f,g,ffg
x,y,g,xyg
f,f,y,ffy
x,f,y,xfy
x,y,y,xyy
x,f,y,xfy
f,y,g,fyg
x,s,w,xsw
f,y,e,fye
x,y,u,xyu
x,y,y,xyy
x,y,g,xyg
x,f,y,xfy
f,f,g,ffg
x,y,g,xyg
f,f,g,ffg
f,f,y,ffy
x,y,g,xyg
f,y,g,fyg
f,s,p,fsp
f,f,g,ffg
x,y,y,xyy
x,y,g,xyg
f,f,y,ffy
x,f,y,xfy
f,y,g,fyg
f,y,y,fyy
x,y,g,xyg
x,y,g,xyg
f,f,y,ffy
f,f,g,ffg
x,y,g,xyg
f,f,y,ffy
f,y,g,fyg
x,y,g,xyg
f,f,g,ffg
x,y,g,xyg
f,f,g,ffg
x,y,y,xyy
x,f,y,xfy
x,y,g,xyg
f,f,y,ffy
f,y,n,fyn
f,f,g,ffg
x,y,y,xyy
x,s,g,xsg
f,y,y,fyy
x,y,y,xyy
x,f,w,xfw
x,f,y,xfy
f,s,b,fsb
x,y,y,xyy
x,y,g,xyg
f,f,y,ffy
f,s,p,fsp
f,s,b,fsb
x,y,g,xyg
x,y,g,xyg
x,y,g,xyg
f,f,g,ffg
f,f,g,ffg
x,f,y,xfy
f,f,y,ffy
f,y,u,fyu
x,f,y,xfy
f,f,e,ffe
f,f,y,ffy
x,f,y,xfy
x,y,n,xyn
x,y,g,xyg
x,f,y,xfy
f,f,g,ffg
x,y,g,xyg
x,y,g,xyg
x,f,y,xfy
f,f,y,ffy
f,y,g,fyg
f,y,g,fyg
f,y,n,fyn
x,y,y,xyy
f,f,e,ffe
x,f,y,xfy
x,y,g,xyg
f,y,g,fyg
x,f,y,xfy
f,f,g,ffg
f,f,g,ffg
f,y,g,fyg
f,y,g,fyg
x,f,y,xfy
x,y,y,xyy
f,f,y,ffy
x,y,g,xyg
f,f,y,ffy
f,y,g,fyg
x,f,p,xfp
f,f,y,ffy
x,y,g,xyg
x,y,y,xyy
x,y,g,xyg
f,y,y,fyy
x,y,g,xyg
x,f,y,xfy
f,y,g,fyg
f,y,g,fyg
x,y,y,xyy
f,f,y,ffy
x,y,g,xyg
x,y,y,xyy
x,y,g,xyg
x,y,g,xyg
x,f,y,xfy
x,y,g,xyg
f,f,g,ffg
f,f,g,ffg
x,y,g,xyg
x,f,y,xfy
x,y,g,xyg
f,f,g,ffg
x,y,y,xyy
x,f,y,xfy
f,y,g,fyg
f,f,g,ffg
x,s,p,xsp
f,f,y,ffy
x,s,p,xsp
x,f,y,xfy
f,f,g,ffg
x,f,y,xfy
f,f,e,ffe
x,y,y,xyy
x,f,y,xfy
f,y,g,fyg
f,f,y,ffy
f,y,n,fyn
x,y,y,xyy
f,f,g,ffg
x,y,y,xyy
f,f,y,ffy
f,y,y,fyy
f,y,g,fyg
f,f,g,ffg
x,y,y,xyy
f,y,g,fyg
x,y,y,xyy
f,f,g,ffg
x,s,g,xsg
x,y,n,xyn
f,s,g,fsg
f,y,g,fyg
f,y,y,fyy
f,y,g,fyg
f,y,e,fye
f,y,g,fyg
x,f,y,xfy
f,f,g,ffg
x,y,y,xyy
f,f,y,ffy
f,y,n,fyn
f,y,g,fyg
k,f,n,kfn
f,f,g,ffg
f,f,y,ffy
x,y,n,xyn
f,f,g,ffg
f,f,g,ffg
f,s,w,fsw
f,f,y,ffy
x,y,g,xyg
x,f,y,xfy
x,y,e,xye
f,y,y,fyy
b,f,y,bfy
f,y,y,fyy
x,s,g,xsg
f,y,y,fyy
f,f,y,ffy
k,y,e,kye
f,f,y,ffy
f,f,y,ffy
k,y,n,kyn
x,s,w,xsw
x,f,y,xfy
x,f,y,xfy
x,f,y,xfy
f,y,y,fyy
b,s,b,bsb
x,s,w,xsw
f,y,e,fye
b,s,w,bsw
f,y,p,fyp
x,s,w,xsw
k,y,n,kyn
x,y,y,xyy
f,s,b,fsb
f,y,g,fyg
x,y,y,xyy
x,y,g,xyg
x,f,y,xfy
x,y,y,xyy
x,y,y,xyy
x,f,y,xfy
x,y,g,xyg
f,f,g,ffg
k,s,e,kse
f,y,n,fyn
f,s,b,fsb
x,y,y,xyy
f,f,g,ffg
f,f,y,ffy
f,y,g,fyg
x,s,g,xsg
f,f,g,ffg
x,f,y,xfy
f,f,y,ffy
x,y,n,xyn
f,f,g,ffg
f,y,n,fyn
f,y,e,fye
f,y,g,fyg
x,y,y,xyy
f,f,g,ffg
f,f,e,ffe
x,y,y,xyy
f,f,y,ffy
f,f,g,ffg
f,y,y,fyy
x,y,g,xyg
b,y,w,byw
f,f,y,ffy
x,y,n,xyn
f,f,g,ffg
x,y,y,xyy
f,y,y,fyy
f,y,p,fyp
x,s,w,xsw
f,y,g,fyg
x,y,g,xyg
x,f,y,xfy
f,s,b,fsb
x,f,g,xfg
x,f,y,xfy
f,y,g,fyg
f,y,y,fyy
x,y,r,xyr
f,y,w,fyw
x,f,y,xfy
f,y,y,fyy
f,y,y,fyy
x,y,e,xye
x,y,e,xye
x,y,g,xyg
x,y,y,xyy
f,f,g,ffg
x,y,g,xyg
x,y,y,xyy
f,f,y,ffy
f,s,e,fse
f,f,y,ffy
x,y,y,xyy
f,s,g,fsg
f,f,y,ffy
x,y,y,xyy
x,f,y,xfy
x,s,g,xsg
f,y,g,fyg
f,f,g,ffg
x,s,w,xsw
f,y,g,fyg
f,y,e,fye
x,f,y,xfy
x,y,y,xyy
k,s,b,ksb
f,f,y,ffy
f,f,y,ffy
x,y,y,xyy
x,f,n,xfn
x,y,e,xye
x,y,g,xyg
x,f,y,xfy
f,s,g,fsg
x,y,y,xyy
f,y,g,fyg
x,y,g,xyg
x,y,n,xyn
k,s,b,ksb
f,f,y,ffy
x,f,g,xfg
f,y,g,fyg
x,f,y,xfy
f,y,y,fyy
k,s,p,ksp
f,y,n,fyn
x,y,g,xyg
x,f,y,xfy
x,y,g,xyg
f,s,b,fsb
f,s,b,fsb
f,s,w,fsw
f,y,g,fyg
x,f,y,xfy
f,y,g,fyg
f,y,y,fyy
f,f,y,ffy
x,s,b,xsb
f,f,g,ffg
x,y,g,xyg
f,f,y,ffy
f,y,y,fyy
f,s,g,fsg
f,s,b,fsb
x,s,p,xsp
k,s,n,ksn
f,y,p,fyp
f,y,g,fyg
x,y,y,xyy
f,f,g,ffg
f,f,g,ffg
x,f,y,xfy
f,f,g,ffg
f,y,g,fyg
f,y,y,fyy
f,f,y,ffy
f,y,y,fyy
x,y,y,xyy
x,y,y,xyy
f,y,g,fyg
f,f,g,ffg
x,y,y,xyy
x,y,y,xyy
f,y,u,fyu
f,f,g,ffg
x,y,n,xyn
x,y,y,xyy
x,y,y,xyy
x,y,g,xyg
f,f,y,ffy
x,f,y,xfy
x,y,g,xyg
f,s,b,fsb
f,f,g,ffg
f,y,y,fyy
x,s,n,xsn
f,f,g,ffg
x,y,g,xyg
x,y,n,xyn
f,f,y,ffy
x,y,n,xyn
b,s,b,bsb
f,f,y,ffy
f,y,g,fyg
f,y,u,fyu
x,f,y,xfy
f,y,y,fyy
f,f,y,ffy
x,y,y,xyy
x,y,e,xye
f,f,g,ffg
x,y,y,xyy
x,y,y,xyy
f,y,g,fyg
k,s,b,ksb
f,y,y,fyy
x,y,g,xyg
x,f,y,xfy
f,f,y,ffy
f,s,w,fsw
x,s,g,xsg
f,y,y,fyy
f,y,u,fyu
x,f,y,xfy
f,y,g,fyg
x,f,y,xfy
x,f,y,xfy
x,s,g,xsg
f,y,g,fyg
f,f,y,ffy
f,f,y,ffy
x,y,g,xyg
x,y,g,xyg
x,y,g,xyg
x,f,g,xfg
x,y,y,xyy
f,f,g,ffg
f,f,y,ffy
x,y,g,xyg
f,f,y,ffy
x,y,n,xyn
x,f,y,xfy
x,y,y,xyy
f,s,b,fsb
f,f,g,ffg
f,y,y,fyy
x,f,y,xfy
f,f,g,ffg
x,y,y,xyy
x,y,g,xyg
x,y,e,xye
k,y,b,kyb
f,y,b,fyb
x,y,g,xyg
f,f,y,ffy
x,y,g,xyg
f,y,g,fyg
x,s,b,xsb
f,y,y,fyy
x,s,w,xsw
x,f,y,xfy
x,y,g,xyg
x,s,w,xsw
f,s,b,fsb
x,s,w,xsw
f,f,y,ffy
f,y,g,fyg
x,f,y,xfy
f,f,g,ffg
x,y,w,xyw
x,s,e,xse
x,y,g,xyg
f,f,g,ffg
x,y,n,xyn
x,y,g,xyg
f,f,g,ffg
f,f,y,ffy
f,f,y,ffy
f,f,e,ffe
x,y,y,xyy
f,y,y,fyy
f,f,g,ffg
x,y,y,xyy
x,f,y,xfy
k,f,y,kfy
f,f,y,ffy
k,f,c,kfc
f,f,g,ffg
f,y,y,fyy
x,y,g,xyg
x,y,g,xyg
f,f,y,ffy
f,y,y,fyy
x,f,y,xfy
f,f,y,ffy
x,y,y,xyy
b,y,p,byp
k,y,p,kyp
x,y,y,xyy
x,f,y,xfy
k,y,b,kyb
f,y,y,fyy
x,s,w,xsw
x,y,n,xyn
x,y,n,xyn
x,y,e,xye
f,g,w,fgw
x,s,g,xsg
f,y,c,fyc
x,y,g,xyg
f,y,y,fyy
f,y,y,fyy
f,y,p,fyp
x,s,b,xsb
x,s,g,xsg
x,y,e,xye
k,y,c,kyc
x,s,w,xsw
x,s,w,xsw
f,s,b,fsb
f,s,b,fsb
k,y,c,kyc
x,y,g,xyg
f,s,w,fsw
f,s,g,fsg
c,g,w,cgw
x,s,g,xsg
b,g,w,bgw
x,s,b,xsb
f,s,w,fsw
b,f,y,bfy
x,y,n,xyn
x,y,n,xyn
k,s,n,ksn
k,y,b,kyb
f,s,w,fsw
f,s,b,fsb
f,y,y,fyy
x,y,g,xyg
f,s,b,fsb
x,y,n,xyn
x,y,e,xye
f,f,g,ffg
x,s,e,xse
x,y,n,xyn
x,f,y,xfy
x,y,n,xyn
f,f,n,ffn
x,y,n,xyn
x,s,b,xsb
f,y,n,fyn
f,y,y,fyy
f,y,b,fyb
x,y,n,xyn
x,y,n,xyn
x,s,b,xsb
x,s,b,xsb
f,y,y,fyy
f,s,g,fsg
x,y,n,xyn
x,s,b,xsb
f,f,n,ffn
x,y,e,xye
f,s,b,fsb
f,s,w,fsw
k,y,e,kye
x,f,y,xfy
x,f,n,xfn
x,y,n,xyn
x,y,g,xyg
f,s,b,fsb
f,s,b,fsb
f,y,y,fyy
f,y,y,fyy
x,s,p,xsp
f,s,p,fsp
b,y,w,byw
x,y,c,xyc
f,s,n,fsn
x,s,b,xsb
x,s,g,xsg
f,y,y,fyy
x,s,b,xsb
x,s,w,xsw
f,y,c,fyc
x,y,e,xye
f,f,y,ffy
x,y,w,xyw
x,y,y,xyy
f,y,p,fyp
f,s,g,fsg
x,y,n,xyn
k,s,p,ksp
x,y,n,xyn
x,y,g,xyg
f,s,b,fsb
k,y,p,kyp
x,f,y,xfy
f,y,g,fyg
f,f,g,ffg
x,s,b,xsb
x,y,n,xyn
x,y,y,xyy
f,f,y,ffy
f,f,n,ffn
k,s,b,ksb
f,y,y,fyy
x,y,e,xye
x,s,g,xsg
f,s,n,fsn
x,y,g,xyg
x,y,n,xyn
x,s,g,xsg
x,s,g,xsg
f,y,p,fyp
k,y,b,kyb
x,s,w,xsw
x,y,n,xyn
k,y,n,kyn
f,y,y,fyy
x,y,p,xyp
f,s,g,fsg
x,s,p,xsp
b,y,n,byn
f,s,b,fsb
x,y,n,xyn
x,y,n,xyn
x,s,b,xsb
x,y,n,xyn
k,y,p,kyp
k,f,c,kfc
x,y,y,xyy
x,s,n,xsn
f,f,g,ffg
f,y,y,fyy
f,s,g,fsg
k,y,w,kyw
k,f,n,kfn
k,f,y,kfy
f,s,w,fsw
f,y,y,fyy
f,y,y,fyy
k,s,b,ksb
f,y,y,fyy
x,y,n,xyn
x,y,y,xyy
x,y,y,xyy
b,y,w,byw
f,y,y,fyy
x,s,w,xsw
x,s,b,xsb
k,y,b,kyb
f,y,y,fyy
x,s,b,xsb
b,y,b,byb
x,s,w,xsw
k,s,n,ksn
f,s,g,fsg
x,f,y,xfy
f,s,g,fsg
f,y,y,fyy
k,y,n,kyn
f,s,b,fsb
f,s,e,fse
x,y,n,xyn
x,y,n,xyn
x,y,n,xyn
x,s,w,xsw
k,s,n,ksn
f,y,g,fyg
x,s,b,xsb
f,s,w,fsw
k,f,n,kfn
x,y,n,xyn
f,s,w,fsw
x,s,g,xsg
k,y,y,kyy
f,s,w,fsw
f,f,y,ffy
k,y,p,kyp
f,y,w,fyw
f,s,b,fsb
f,y,w,fyw
x,y,r,xyr
x,s,b,xsb
f,s,g,fsg
x,y,e,xye
f,y,y,fyy
f,s,g,fsg
f,s,b,fsb
f,s,e,fse
x,y,e,xye
f,f,g,ffg
f,y,y,fyy
x,s,n,xsn
f,s,g,fsg
x,y,n,xyn
f,s,w,fsw
x,f,c,xfc
f,s,g,fsg
f,f,g,ffg
x,y,r,xyr
x,f,y,xfy
x,y,n,xyn
x,y,n,xyn
f,y,e,fye
x,s,g,xsg
k,y,n,kyn
f,y,e,fye
x,y,n,xyn
b,y,n,byn
x,y,n,xyn
f,y,b,fyb
x,s,w,xsw
f,y,y,fyy
f,y,n,fyn
b,y,w,byw
x,y,n,xyn
f,y,y,fyy
x,s,b,xsb
x,y,n,xyn
x,s,g,xsg
f,s,g,fsg
x,y,n,xyn
f,y,w,fyw
x,y,n,xyn
f,f,g,ffg
x,y,e,xye
x,s,w,xsw
f,y,g,fyg
x,s,w,xsw
k,y,y,kyy
f,s,w,fsw
f,s,g,fsg
x,y,c,xyc
x,s,w,xsw
x,y,n,xyn
f,y,p,fyp
f,y,y,fyy
x,s,p,xsp
f,y,b,fyb
x,f,y,xfy
f,y,y,fyy
f,f,n,ffn
x,f,n,xfn
x,y,n,xyn
f,s,g,fsg
x,s,b,xsb
f,s,g,fsg
x,s,b,xsb
x,y,r,xyr
f,y,y,fyy
f,s,g,fsg
x,y,n,xyn
f,y,y,fyy
f,s,w,fsw
x,s,w,xsw
f,y,g,fyg
f,y,y,fyy
x,y,n,xyn
x,y,y,xyy
f,s,n,fsn
f,y,y,fyy
f,s,g,fsg
x,y,n,xyn
f,y,y,fyy
f,y,y,fyy
f,s,w,fsw
f,s,p,fsp
f,y,y,fyy
k,s,p,ksp
x,s,b,xsb
x,s,w,xsw
x,s,w,xsw
x,y,n,xyn
b,y,p,byp
x,s,b,xsb
x,y,p,xyp
x,y,n,xyn
x,y,y,xyy
x,s,w,xsw
f,y,b,fyb
f,s,b,fsb
x,f,c,xfc
f,s,p,fsp
x,y,n,xyn
f,s,p,fsp
f,s,g,fsg
k,s,e,kse
k,y,e,kye
f,s,w,fsw
k,s,b,ksb
x,s,b,xsb
b,y,y,byy
x,s,w,xsw
x,f,y,xfy
f,y,y,fyy
b,f,n,bfn
f,y,y,fyy
f,y,y,fyy
f,y,c,fyc
x,y,e,xye
f,s,w,fsw
x,y,n,xyn
b,y,p,byp
f,y,y,fyy
x,s,b,xsb
f,y,y,fyy
f,s,b,fsb
f,s,b,fsb
x,y,n,xyn
f,y,y,fyy
x,s,n,xsn
f,y,y,fyy
f,s,b,fsb
f,s,e,fse
x,s,n,xsn
f,s,w,fsw
f,y,y,fyy
f,s,p,fsp
x,s,e,xse
f,y,y,fyy
b,y,b,byb
f,s,b,fsb
f,s,g,fsg
x,s,b,xsb
x,f,y,xfy
f,s,w,fsw
x,s,g,xsg
f,y,r,fyr
f,y,y,fyy
x,y,n,xyn
x,s,b,xsb
x,f,c,xfc
x,s,g,xsg
x,y,u,xyu
x,f,y,xfy
f,f,g,ffg
f,y,w,fyw
x,y,n,xyn
x,y,n,xyn
x,y,g,xyg
x,y,p,xyp
f,s,g,fsg
x,s,b,xsb
x,y,n,xyn
x,s,g,xsg
x,y,n,xyn
f,s,w,fsw
x,s,g,xsg
x,s,g,xsg
f,y,y,fyy
f,y,y,fyy
f,y,g,fyg
x,y,y,xyy
x,s,g,xsg
f,s,b,fsb
f,s,w,fsw
f,f,g,ffg
f,s,b,fsb
x,y,n,xyn
x,s,w,xsw
k,s,e,kse
f,y,b,fyb
x,y,n,xyn
k,y,n,kyn
f,s,w,fsw
f,s,w,fsw
x,y,n,xyn
x,s,w,xsw
x,y,n,xyn
b,s,p,bsp
x,y,e,xye
f,y,g,fyg
x,y,y,xyy
x,y,g,xyg
f,y,w,fyw
f,s,g,fsg
k,y,p,kyp
x,s,w,xsw
k,s,p,ksp
f,s,w,fsw
x,y,n,xyn
x,f,y,xfy
f,y,g,fyg
x,y,g,xyg
x,y,e,xye
f,y,y,fyy
x,y,n,xyn
x,s,b,xsb
f,y,y,fyy
k,y,e,kye
f,y,p,fyp
f,y,w,fyw
f,y,y,fyy
f,y,y,fyy
f,y,r,fyr
x,s,w,xsw
x,s,w,xsw
x,s,b,xsb
x,y,n,xyn
k,y,e,kye
k,s,p,ksp
x,y,b,xyb
x,s,g,xsg
f,y,y,fyy
x,y,n,xyn
c,y,w,cyw
f,s,w,fsw
f,s,g,fsg
x,y,e,xye
x,s,g,xsg
x,y,n,xyn
x,y,p,xyp
f,y,w,fyw
f,y,y,fyy
x,y,n,xyn
x,f,y,xfy
x,y,n,xyn
x,s,g,xsg
x,y,n,xyn
k,f,n,kfn
x,s,w,xsw
f,y,y,fyy
x,y,p,xyp
b,y,b,byb
f,y,g,fyg
f,y,r,fyr
x,y,n,xyn
x,y,n,xyn
f,s,b,fsb
f,y,y,fyy
x,y,n,xyn
f,y,n,fyn
x,y,n,xyn
f,y,e,fye
x,y,b,xyb
x,s,n,xsn
f,s,w,fsw
x,y,b,xyb
x,f,y,xfy
f,y,y,fyy
f,y,y,fyy
k,y,e,kye
f,s,w,fsw
k,y,c,kyc
k,y,n,kyn
b,s,p,bsp
x,y,n,xyn
x,s,b,xsb
f,y,r,fyr
x,s,b,xsb
f,y,u,fyu
x,y,n,xyn
x,s,w,xsw
x,s,e,xse
f,y,p,fyp
x,y,n,xyn
x,y,n,xyn
x,s,w,xsw
f,y,y,fyy
x,y,n,xyn
x,y,e,xye
x,s,w,xsw
x,y,y,xyy
f,s,b,fsb
f,f,y,ffy
x,s,g,xsg
f,s,p,fsp
x,y,n,xyn
b,y,w,byw
f,y,y,fyy
x,y,e,xye
x,s,b,xsb
x,s,b,xsb
x,y,n,xyn
b,y,p,byp
x,y,c,xyc
x,y,n,xyn
x,s,w,xsw
x,y,n,xyn
f,y,n,fyn
x,y,n,xyn
f,s,g,fsg
x,y,e,xye
x,y,r,xyr
b,y,p,byp
x,s,p,xsp
x,y,n,xyn
x,y,n,xyn
f,s,g,fsg
f,y,y,fyy
f,y,p,fyp
x,y,n,xyn
x,y,n,xyn
f,s,b,fsb
f,s,b,fsb
x,y,c,xyc
x,y,w,xyw
x,y,n,xyn
f,y,n,fyn
x,y,n,xyn
x,y,n,xyn
k,y,p,kyp
f,s,w,fsw
x,y,n,xyn
f,y,y,fyy
k,y,n,kyn
f,s,g,fsg
f,s,w,fsw
f,f,g,ffg
f,s,n,fsn
x,f,y,xfy
x,y,n,xyn
x,y,e,xye
f,y,y,fyy
b,s,w,bsw
x,s,b,xsb
f,y,b,fyb
x,f,c,xfc
f,s,w,fsw
k,s,p,ksp
k,y,n,kyn
x,y,b,xyb
x,f,y,xfy
f,s,g,fsg
f,y,y,fyy
x,y,e,xye
f,s,b,fsb
x,y,n,xyn
f,y,y,fyy
f,f,g,ffg
b,y,b,byb
x,y,e,xye
f,y,y,fyy
f,f,y,ffy
f,y,w,fyw
k,s,e,kse
f,y,y,fyy
k,s,n,ksn
f,y,y,fyy
f,y,g,fyg
f,y,y,fyy
x,y,e,xye
f,s,b,fsb
f,s,w,fsw
x,s,w,xsw
f,y,g,fyg
f,y,p,fyp
f,y,y,fyy
f,y,y,fyy
k,s,e,kse
x,y,n,xyn
x,y,y,xyy
f,s,b,fsb
x,y,g,xyg
f,s,g,fsg
x,s,w,xsw
x,f,n,xfn
f,s,b,fsb
f,y,e,fye
f,y,y,fyy
x,s,b,xsb
k,f,n,kfn
f,y,y,fyy
k,y,c,kyc
x,f,g,xfg
x,y,n,xyn
f,y,p,fyp
x,s,b,xsb
x,y,g,xyg
f,y,y,fyy
x,y,e,xye
f,y,r,fyr
f,y,y,fyy
x,s,g,xsg
x,s,w,xsw
f,s,b,fsb
x,y,n,xyn
f,f,y,ffy
f,y,u,fyu
x,y,n,xyn
x,s,n,xsn
x,s,w,xsw
f,y,y,fyy
f,s,b,fsb
k,f,c,kfc
x,s,g,xsg
f,y,g,fyg
x,y,e,xye
f,y,p,fyp
k,y,p,kyp
x,y,y,xyy
x,y,n,xyn
f,s,n,fsn
f,y,y,fyy
x,y,n,xyn
f,s,n,fsn
f,y,y,fyy
f,y,y,fyy
f,y,y,fyy
f,f,c,ffc
b,y,b,byb
k,y,e,kye
x,s,b,xsb
x,s,g,xsg
f,y,y,fyy
x,s,g,xsg
x,y,e,xye
f,s,w,fsw
f,s,p,fsp
f,s,b,fsb
x,y,e,xye
f,y,w,fyw
x,y,p,xyp
x,s,b,xsb
k,g,w,kgw
f,s,g,fsg
x,y,n,xyn
k,s,e,kse
x,y,n,xyn
x,y,n,xyn
f,s,w,fsw
f,s,e,fse
f,s,b,fsb
b,s,w,bsw
f,f,n,ffn
f,s,g,fsg
x,s,w,xsw
f,y,y,fyy
x,s,b,xsb
f,y,n,fyn
x,y,r,xyr
k,s,b,ksb
x,s,w,xsw
x,y,n,xyn
x,y,b,xyb
f,y,w,fyw
f,s,b,fsb
x,s,g,xsg
k,s,n,ksn
f,s,g,fsg
k,y,p,kyp
f,y,b,fyb
x,y,n,xyn
f,y,y,fyy
x,s,b,xsb
k,f,c,kfc
f,s,g,fsg
f,s,w,fsw
b,s,b,bsb
b,s,p,bsp
f,s,w,fsw
x,y,n,xyn
x,y,n,xyn
x,y,g,xyg
x,s,b,xsb
x,y,n,xyn
x,s,b,xsb
f,s,p,fsp
x,y,n,xyn
x,s,w,xsw
f,s,w,fsw
f,y,r,fyr
f,s,w,fsw
f,s,w,fsw
x,y,w,xyw
x,y,n,xyn
k,y,b,kyb
x,y,n,xyn
x,y,n,xyn
x,s,b,xsb
f,y,r,fyr
b,s,p,bsp
x,s,b,xsb
f,y,c,fyc
x,y,u,xyu
x,s,b,xsb
x,y,w,xyw
x,y,n,xyn
x,s,p,xsp
f,s,p,fsp
f,y,n,fyn
f,y,y,fyy
f,s,w,fsw
x,y,g,xyg
f,y,e,fye
f,s,b,fsb
b,s,p,bsp
x,y,n,xyn
x,s,b,xsb
x,y,y,xyy
b,y,w,byw
f,y,n,fyn
f,f,y,ffy
f,y,y,fyy
f,y,y,fyy
x,s,g,xsg
x,y,e,xye
x,y,y,xyy
x,y,n,xyn
f,s,w,fsw
f,f,g,ffg
f,f,n,ffn
x,s,g,xsg
f,s,b,fsb
f,s,e,fse
x,s,b,xsb
f,y,y,fyy
x,y,n,xyn
f,s,w,fsw
f,s,g,fsg
f,y,y,fyy
f,f,c,ffc
x,y,n,xyn
k,y,e,kye
x,y,n,xyn
f,s,w,fsw
x,y,e,xye
x,s,n,xsn
f,y,g,fyg
x,s,w,xsw
f,s,e,fse
f,y,y,fyy
f,y,y,fyy
f,y,e,fye
f,s,g,fsg
k,s,n,ksn
f,y,y,fyy
x,s,w,xsw
x,y,n,xyn
f,y,y,fyy
f,y,w,fyw
x,y,n,xyn
f,y,w,fyw
x,y,w,xyw
x,y,n,xyn
f,s,g,fsg
x,y,u,xyu
f,s,w,fsw
x,y,y,xyy
f,s,g,fsg
f,y,y,fyy
x,f,y,xfy
f,y,y,fyy
x,s,g,xsg
f,y,r,fyr
f,s,w,fsw
k,s,n,ksn
x,y,n,xyn
x,s,g,xsg
f,y,y,fyy
b,s,w,bsw
x,y,n,xyn
b,s,b,bsb
f,f,y,ffy
x,y,g,xyg
x,y,e,xye
k,s,b,ksb
x,y,n,xyn
x,s,e,xse
f,s,b,fsb
f,s,n,fsn
x,y,e,xye
f,y,b,fyb
x,s,g,xsg
f,s,b,fsb
x,y,n,xyn
x,y,e,xye
f,y,y,fyy
x,y,n,xyn
x,y,n,xyn
f,s,g,fsg
x,y,p,xyp
x,y,u,xyu
f,y,y,fyy
x,s,g,xsg
x,y,n,xyn
f,s,g,fsg
x,s,b,xsb
x,f,y,xfy
b,s,w,bsw
k,y,n,kyn
x,y,e,xye
f,y,y,fyy
x,y,b,xyb
x,s,b,xsb
f,s,g,fsg
f,s,b,fsb
f,y,y,fyy
x,y,n,xyn
f,s,w,fsw
k,y,n,kyn
x,s,e,xse
x,y,w,xyw
f,s,b,fsb
f,s,g,fsg
f,s,e,fse
f,y,y,fyy
x,y,n,xyn
f,s,w,fsw
f,y,g,fyg
x,f,n,xfn
f,y,y,fyy
x,s,w,xsw
x,s,b,xsb
x,s,p,xsp
x,s,g,xsg
f,f,g,ffg
x,s,w,xsw
x,f,y,xfy
f,s,w,fsw
k,y,n,kyn
x,y,p,xyp
f,y,y,fyy
f,y,b,fyb
x,s,e,xse
x,s,g,xsg
f,s,b,fsb
f,y,y,fyy
x,s,b,xsb
f,s,w,fsw
f,y,y,fyy
f,y,y,fyy
f,y,g,fyg
f,f,g,ffg
b,s,p,bsp
x,y,n,xyn
b,s,w,bsw
x,y,n,xyn
x,y,n,xyn
x,y,n,xyn
x,y,n,xyn
f,s,b,fsb
b,y,y,byy
x,s,g,xsg
f,y,p,fyp
k,s,p,ksp
f,y,n,fyn
b,y,p,byp
x,s,g,xsg
x,s,g,xsg
x,f,y,xfy
x,y,n,xyn
f,y,b,fyb
x,s,b,xsb
b,s,b,bsb
f,y,w,fyw
x,y,n,xyn
x,f,y,xfy
f,s,b,fsb
f,y,y,fyy
k,s,e,kse
f,f,y,ffy
b,f,n,bfn
x,y,n,xyn
f,y,y,fyy
x,y,y,xyy
x,s,g,xsg
x,y,n,xyn
x,y,n,xyn
f,y,n,fyn
f,y,b,fyb
k,f,n,kfn
f,y,g,fyg
x,y,n,xyn
f,f,g,ffg
f,f,g,ffg
x,s,g,xsg
x,y,r,xyr
x,y,n,xyn
f,s,p,fsp
x,y,e,xye
f,s,b,fsb
x,s,b,xsb
k,s,e,kse
f,s,b,fsb
x,f,n,xfn
f,y,y,fyy
f,y,w,fyw
f,s,w,fsw
f,s,p,fsp
f,y,y,fyy
f,s,g,fsg
x,y,n,xyn
f,y,y,fyy
f,s,g,fsg
f,s,w,fsw
x,y,n,xyn
f,f,y,ffy
x,y,n,xyn
b,y,b,byb
f,y,y,fyy
x,y,e,xye
x,y,n,xyn
k,y,b,kyb
x,y,w,xyw
f,s,b,fsb
f,y,y,fyy
x,y,e,xye
f,s,e,fse
x,y,e,xye
x,s,n,xsn
f,y,n,fyn
f,y,e,fye
k,y,n,kyn
f,y,e,fye
x,s,e,xse
f,y,n,fyn
f,y,e,fye
x,s,e,xse
x,s,n,xsn
f,s,e,fse
f,s,e,fse
f,y,e,fye
f,y,n,fyn
f,y,n,fyn
x,y,e,xye
k,s,n,ksn
x,s,n,xsn
f,s,e,fse
f,y,e,fye
k,s,e,kse
f,y,e,fye
x,s,n,xsn
f,s,e,fse
f,s,n,fsn
f,y,e,fye
f,s,e,fse
f,s,n,fsn
f,y,e,fye
x,s,e,xse
f,s,e,fse
x,s,n,xsn
f,y,n,fyn
x,y,e,xye
f,y,n,fyn
b,s,n,bsn
f,s,n,fsn
x,s,n,xsn
f,y,e,fye
f,y,n,fyn
f,y,e,fye
f,s,n,fsn
x,y,e,xye
x,s,n,xsn
f,s,n,fsn
f,y,e,fye
f,s,n,fsn
f,s,n,fsn
f,s,n,fsn
f,y,e,fye
f,s,e,fse
x,y,e,xye
x,s,e,xse
f,s,e,fse
f,y,n,fyn
x,y,e,xye
k,s,e,kse
k,s,n,ksn
f,y,n,fyn
x,s,e,xse
x,y,e,xye
f,y,e,fye
f,y,n,fyn
f,s,e,fse
x,s,n,xsn
x,f,w,xfw
f,y,n,fyn
x,s,n,xsn
x,s,e,xse
f,s,n,fsn
f,s,n,fsn
x,y,e,xye
x,s,e,xse
f,s,n,fsn
k,s,n,ksn
f,y,n,fyn
x,s,n,xsn
f,y,e,fye
x,s,e,xse
f,s,n,fsn
f,y,n,fyn
k,y,n,kyn
f,y,n,fyn
f,s,n,fsn
x,s,e,xse
f,s,n,fsn
f,s,n,fsn
f,s,e,fse
f,y,n,fyn
f,s,n,fsn
f,y,n,fyn
f,s,e,fse
f,s,e,fse
x,y,e,xye
f,s,n,fsn
x,y,e,xye
f,y,e,fye
x,s,n,xsn
f,y,n,fyn
f,y,e,fye
x,y,e,xye
f,y,n,fyn
f,y,n,fyn
x,y,e,xye
f,y,n,fyn
f,s,n,fsn
x,s,n,xsn
f,y,e,fye
x,y,e,xye
x,s,e,xse
f,s,e,fse
f,y,e,fye
x,y,e,xye
x,y,e,xye
x,s,n,xsn
x,s,e,xse
k,s,e,kse
x,s,c,xsc
x,s,e,xse
f,s,n,fsn
x,s,n,xsn
f,y,n,fyn
f,y,e,fye
f,s,e,fse
x,y,e,xye
x,s,e,xse
x,s,n,xsn
x,y,e,xye
f,s,e,fse
f,s,n,fsn
f,y,e,fye
x,y,e,xye
k,s,e,kse
f,y,n,fyn
f,s,n,fsn
x,s,e,xse
f,s,n,fsn
f,s,e,fse
f,y,e,fye
b,f,w,bfw
x,y,e,xye
x,y,e,xye
f,y,e,fye
f,y,e,fye
k,f,w,kfw
x,s,n,xsn
f,s,n,fsn
x,s,n,xsn
f,s,e,fse
x,s,n,xsn
x,s,n,xsn
x,s,e,xse
k,s,n,ksn
x,y,e,xye
x,s,e,xse
x,y,e,xye
x,s,e,xse
x,s,e,xse
x,s,e,xse
x,s,e,xse
f,y,e,fye
x,s,n,xsn
f,s,n,fsn
x,s,e,xse
f,s,e,fse
x,s,n,xsn
f,y,e,fye
x,s,n,xsn
k,s,n,ksn
f,s,e,fse
f,s,e,fse
f,y,e,fye
k,s,n,ksn
f,y,n,fyn
f,s,e,fse
x,y,e,xye
f,s,e,fse
f,y,e,fye
f,s,n,fsn
f,s,n,fsn
x,y,e,xye
x,y,e,xye
f,s,e,fse
k,y,e,kye
f,y,e,fye
k,y,n,kyn
x,s,e,xse
x,y,e,xye
x,s,n,xsn
f,y,n,fyn
x,s,e,xse
b,s,g,bsg
x,y,e,xye
x,s,e,xse
f,y,e,fye
x,s,e,xse
f,y,e,fye
f,y,e,fye
x,s,n,xsn
f,y,n,fyn
k,s,w,ksw
f,y,e,fye
x,s,e,xse
f,y,n,fyn
f,y,n,fyn
x,s,e,xse
f,y,e,fye
f,y,e,fye
f,s,n,fsn
x,y,e,xye
f,y,e,fye
b,f,g,bfg
k,y,e,kye
x,y,e,xye
k,s,e,kse
x,s,n,xsn
k,s,w,ksw
f,s,e,fse
x,s,n,xsn
k,s,e,kse
k,y,n,kyn
k,y,e,kye
x,s,e,xse
f,s,e,fse
f,y,e,fye
x,y,e,xye
f,y,n,fyn
x,y,e,xye
f,y,n,fyn
x,y,e,xye
k,y,n,kyn
f,s,e,fse
x,s,n,xsn
f,y,n,fyn
f,s,e,fse
x,s,e,xse
f,s,n,fsn
f,y,n,fyn
x,y,e,xye
x,s,e,xse
f,y,e,fye
f,s,e,fse
f,y,e,fye
x,s,n,xsn
f,s,n,fsn
x,s,n,xsn
f,y,n,fyn
k,y,n,kyn
x,s,e,xse
f,y,n,fyn
x,y,e,xye
f,y,e,fye
x,y,e,xye
f,y,e,fye
f,y,e,fye
f,s,e,fse
k,y,e,kye
x,s,e,xse
k,s,g,ksg
x,s,n,xsn
f,s,e,fse
f,s,n,fsn
f,s,e,fse
f,y,n,fyn
x,s,e,xse
x,s,e,xse
x,s,e,xse
x,s,e,xse
f,s,e,fse
x,s,e,xse
x,s,n,xsn
f,s,n,fsn
k,y,n,kyn
x,y,e,xye
x,s,n,xsn
x,s,e,xse
b,s,w,bsw
f,s,e,fse
x,s,e,xse
x,y,e,xye
f,y,n,fyn
f,s,e,fse
f,y,n,fyn
f,y,e,fye
f,s,n,fsn
x,y,e,xye
f,s,n,fsn
x,s,n,xsn
f,s,e,fse
x,s,n,xsn
f,s,e,fse
x,y,e,xye
f,y,n,fyn
x,y,e,xye
f,s,n,fsn
f,s,n,fsn
x,s,n,xsn
f,s,e,fse
k,y,n,kyn
x,y,e,xye
x,y,e,xye
k,s,n,ksn
x,s,e,xse
x,s,e,xse
f,y,n,fyn
f,s,e,fse
f,s,e,fse
f,s,n,fsn
f,y,e,fye
f,y,e,fye
k,s,e,kse
x,s,n,xsn
f,y,n,fyn
f,s,e,fse
k,s,n,ksn
f,y,n,fyn
x,y,e,xye
x,y,e,xye
x,s,e,xse
f,y,n,fyn
f,y,n,fyn
f,y,e,fye
k,y,n,kyn
x,s,n,xsn
x,s,e,xse
x,s,n,xsn
f,y,e,fye
k,y,e,kye
x,f,g,xfg
f,y,e,fye
x,s,e,xse
x,s,e,xse
x,y,e,xye
f,y,n,fyn
f,y,n,fyn
x,s,n,xsn
x,s,e,xse
f,y,e,fye
f,s,n,fsn
f,y,n,fyn
f,y,n,fyn
x,y,e,xye
x,s,e,xse
f,s,n,fsn
f,s,n,fsn
x,s,e,xse
f,s,n,fsn
f,s,n,fsn
f,y,n,fyn
x,s,n,xsn
f,s,n,fsn
f,s,n,fsn
x,s,n,xsn
f,y,n,fyn
x,s,n,xsn
x,s,n,xsn
f,s,n,fsn
f,y,n,fyn
x,y,e,xye
f,s,e,fse
f,y,n,fyn
f,s,e,fse
x,s,n,xsn
k,f,w,kfw
x,s,n,xsn
f,s,n,fsn
f,y,n,fyn
f,s,n,fsn
f,y,n,fyn
f,y,n,fyn
f,s,n,fsn
f,y,e,fye
b,s,n,bsn
f,s,e,fse
f,s,e,fse
x,s,e,xse
f,y,n,fyn
f,y,e,fye
f,s,n,fsn
f,y,e,fye
f,s,n,fsn
k,y,n,kyn
f,y,e,fye
f,s,e,fse
x,y,e,xye
f,s,n,fsn
x,s,e,xse
k,y,n,kyn
x,s,n,xsn
x,y,e,xye
f,y,n,fyn
f,s,e,fse
f,s,n,fsn
x,s,w,xsw
f,y,n,fyn
f,s,n,fsn
x,y,e,xye
f,s,e,fse
x,s,n,xsn
x,y,e,xye
k,f,g,kfg
f,s,e,fse
f,y,e,fye
b,f,w,bfw
f,s,n,fsn
x,y,e,xye
x,y,e,xye
f,s,n,fsn
x,s,n,xsn
f,s,e,fse
f,s,e,fse
f,s,e,fse
x,y,e,xye
f,y,n,fyn
f,y,e,fye
x,s,e,xse
f,s,e,fse
f,y,e,fye
f,y,e,fye
x,s,e,xse
f,s,e,fse
x,s,n,xsn
f,y,n,fyn
f,y,e,fye
f,y,e,fye
x,s,n,xsn
x,s,e,xse
x,y,e,xye
x,s,e,xse
x,y,e,xye
f,y,e,fye
x,s,n,xsn
f,s,n,fsn
x,y,e,xye
f,s,n,fsn
f,y,e,fye
x,y,e,xye
x,s,n,xsn
x,s,n,xsn
x,s,n,xsn
x,y,e,xye
f,s,n,fsn
f,s,n,fsn
k,y,e,kye
x,s,n,xsn
f,y,n,fyn
k,s,w,ksw
f,s,e,fse
x,s,e,xse
f,y,n,fyn
f,y,n,fyn
f,y,e,fye
x,s,n,xsn
f,y,n,fyn
x,s,n,xsn
k,y,n,kyn
f,s,e,fse
f,y,e,fye
f,y,e,fye
f,y,e,fye
f,y,n,fyn
f,y,n,fyn
k,y,n,kyn
k,y,n,kyn
f,s,e,fse
x,s,e,xse
k,s,n,ksn
x,s,e,xse
f,s,n,fsn
x,s,e,xse
f,s,n,fsn
x,s,n,xsn
f,y,e,fye
x,s,n,xsn
x,s,e,xse
x,s,e,xse
x,s,n,xsn
x,y,e,xye
f,y,e,fye
f,s,e,fse
x,s,e,xse
f,y,e,fye
f,s,e,fse
f,s,e,fse
f,y,n,fyn
f,s,n,fsn
x,s,e,xse
f,y,n,fyn
f,s,n,fsn
f,y,n,fyn
f,s,e,fse
f,y,e,fye
f,y,n,fyn
f,s,e,fse
f,s,e,fse
f,y,n,fyn
f,s,e,fse
f,s,n,fsn
k,y,e,kye
f,y,e,fye
f,s,e,fse
f,y,e,fye
f,y,n,fyn
f,y,e,fye
f,s,n,fsn
x,y,e,xye
x,f,w,xfw
x,s,e,xse
x,s,e,xse
f,y,n,fyn
x,s,e,xse
x,s,n,xsn
x,s,n,xsn
x,s,n,xsn
x,f,g,xfg
f,y,e,fye
f,y,e,fye
x,y,e,xye
x,s,n,xsn
k,s,e,kse
k,y,e,kye
f,y,e,fye
x,s,n,xsn
f,s,n,fsn
x,s,e,xse
f,y,n,fyn
x,s,n,xsn
k,f,w,kfw
k,y,n,kyn
f,s,e,fse
x,y,e,xye
x,s,n,xsn
x,s,n,xsn
f,y,e,fye
f,y,n,fyn
x,y,e,xye
f,s,e,fse
x,s,e,xse
x,s,n,xsn
f,y,n,fyn
f,y,e,fye
f,y,n,fyn
f,y,n,fyn
f,s,n,fsn
f,y,e,fye
f,y,e,fye
x,y,e,xye
k,s,e,kse
f,y,e,fye
f,y,n,fyn
f,s,n,fsn
f,s,e,fse
k,s,e,kse
f,y,e,fye
f,s,n,fsn
x,s,n,xsn
x,s,n,xsn
k,s,n,ksn
f,s,n,fsn
f,s,n,fsn
x,s,n,xsn
f,s,n,fsn
f,y,e,fye
f,y,e,fye
f,s,n,fsn
x,s,e,xse
x,s,n,xsn
x,s,e,xse
x,s,e,xse
f,y,e,fye
x,s,e,xse
k,s,e,kse
x,y,e,xye
f,s,n,fsn
f,s,n,fsn
x,s,n,xsn
k,y,e,kye
x,s,e,xse
f,y,n,fyn
f,y,e,fye
f,y,n,fyn
f,s,n,fsn
f,s,e,fse
k,y,n,kyn
f,y,e,fye
f,s,e,fse
f,s,n,fsn
x,s,n,xsn
f,y,n,fyn
f,y,e,fye
x,y,e,xye
f,s,e,fse
x,s,n,xsn
f,s,n,fsn
f,s,n,fsn
f,s,e,fse
x,s,g,xsg
k,y,n,kyn
x,y,e,xye
x,s,n,xsn
x,s,n,xsn
f,y,e,fye
k,y,n,kyn
x,s,e,xse
x,s,n,xsn
k,y,n,kyn
x,y,e,xye
k,s,n,ksn
x,s,n,xsn
x,y,e,xye
f,s,e,fse
f,s,n,fsn
f,s,n,fsn
f,s,e,fse
x,y,e,xye
x,s,e,xse
f,s,n,fsn
f,y,e,fye
x,s,n,xsn
x,s,e,xse
x,s,e,xse
f,s,e,fse
x,y,e,xye
x,s,n,xsn
x,s,e,xse
x,s,e,xse
x,s,n,xsn
x,s,n,xsn
f,s,e,fse
f,y,e,fye
x,s,n,xsn
x,s,e,xse
f,s,n,fsn
x,s,n,xsn
f,s,e,fse
k,y,n,kyn
x,s,n,xsn
f,y,n,fyn
k,y,n,kyn
f,s,e,fse
f,s,n,fsn
x,s,e,xse
x,s,n,xsn
f,y,n,fyn
f,y,n,fyn
x,s,e,xse
f,y,n,fyn
x,y,e,xye
f,y,n,fyn
f,y,e,fye
x,y,e,xye
f,s,e,fse
k,s,n,ksn
x,y,e,xye
x,s,n,xsn
f,s,e,fse
f,s,e,fse
b,f,g,bfg
x,s,n,xsn
k,s,n,ksn
b,s,n,bsn
f,s,n,fsn
f,y,n,fyn
x,y,e,xye
x,s,e,xse
k,y,c,kyc
x,s,e,xse
f,s,n,fsn
x,s,n,xsn
x,y,e,xye
x,s,e,xse
f,s,e,fse
f,s,n,fsn
f,s,n,fsn
f,y,e,fye
x,s,e,xse
f,y,e,fye
f,y,n,fyn
x,y,e,xye
f,y,e,fye
f,s,e,fse
f,s,e,fse
x,s,e,xse
x,s,e,xse
k,y,e,kye
x,y,e,xye
x,s,e,xse
x,s,n,xsn
x,s,n,xsn
f,s,n,fsn
f,y,n,fyn
x,s,e,xse
k,s,n,ksn
f,s,n,fsn
f,y,n,fyn
f,y,e,fye
f,y,e,fye
f,y,n,fyn
x,s,e,xse
f,y,n,fyn
f,s,n,fsn
f,s,e,fse
x,s,n,xsn
f,y,e,fye
k,y,n,kyn
f,s,n,fsn
f,y,n,fyn
f,s,e,fse
x,s,n,xsn
f,s,e,fse
x,s,e,xse
f,y,e,fye
x,s,e,xse
f,s,e,fse
f,s,n,fsn
x,s,n,xsn
x,s,e,xse
f,s,e,fse
x,s,e,xse
x,s,n,xsn
f,s,e,fse
x,y,e,xye
x,s,n,xsn
x,y,e,xye
f,s,e,fse
x,s,e,xse
f,y,n,fyn
x,s,e,xse
x,s,n,xsn
f,s,e,fse
x,s,e,xse
f,s,n,fsn
x,y,e,xye
f,y,e,fye
x,y,e,xye
k,y,n,kyn
f,y,n,fyn
x,y,e,xye
f,s,n,fsn
x,s,e,xse
f,s,e,fse
x,f,g,xfg
x,s,e,xse
f,s,n,fsn
f,s,n,fsn
x,s,e,xse
x,s,e,xse
x,s,e,xse
f,y,e,fye
b,f,g,bfg
f,y,n,fyn
f,y,e,fye
f,y,n,fyn
f,s,n,fsn
f,y,n,fyn
x,y,e,xye
f,y,n,fyn
x,s,n,xsn
f,y,e,fye
k,f,g,kfg
b,s,n,bsn
f,s,n,fsn
x,s,n,xsn
f,y,n,fyn
f,s,e,fse
f,y,n,fyn
f,s,n,fsn
f,y,e,fye
f,y,e,fye
f,s,n,fsn
x,s,e,xse
x,f,w,xfw
f,s,n,fsn
x,s,e,xse
x,s,n,xsn
x,s,n,xsn
x,s,n,xsn
k,y,n,kyn
f,s,n,fsn
x,y,e,xye
f,s,n,fsn
f,s,n,fsn
x,s,n,xsn
x,s,n,xsn
x,y,e,xye
f,s,e,fse
f,s,e,fse
f,y,n,fyn
x,s,e,xse
f,s,e,fse
f,y,e,fye
f,y,e,fye
x,y,e,xye
f,y,n,fyn
f,s,n,fsn
f,s,n,fsn
k,y,e,kye
f,s,e,fse
x,s,e,xse
x,y,e,xye
f,y,e,fye
x,y,e,xye
f,y,e,fye
f,y,n,fyn
f,y,e,fye
x,y,e,xye
x,s,e,xse
f,s,e,fse
f,s,e,fse
x,s,e,xse
f,s,e,fse
f,s,e,fse
f,s,n,fsn
f,y,e,fye
f,y,n,fyn
k,s,e,kse
f,s,n,fsn
f,y,n,fyn
f,s,e,fse
f,y,e,fye
x,s,n,xsn
k,y,n,kyn
x,y,e,xye
x,s,e,xse
x,s,g,xsg
k,y,n,kyn
x,s,n,xsn
f,s,n,fsn
f,s,n,fsn
x,s,e,xse
f,s,e,fse
f,y,e,fye
f,y,e,fye
f,s,n,fsn
f,s,e,fse
x,s,n,xsn
f,s,e,fse
x,s,e,xse
f,s,e,fse
f,y,e,fye
k,y,e,kye
f,s,n,fsn
k,y,e,kye
f,s,e,fse
f,y,e,fye
f,s,e,fse
b,s,n,bsn
x,s,n,xsn
f,y,e,fye
f,y,n,fyn
f,s,e,fse
f,y,n,fyn
k,y,n,kyn
x,s,e,xse
f,s,e,fse
k,y,n,kyn
f,s,e,fse
k,s,w,ksw
f,y,n,fyn
f,y,n,fyn
f,y,n,fyn
f,s,n,fsn
f,s,n,fsn
f,y,e,fye
x,s,e,xse
f,y,n,fyn
x,s,n,xsn
x,s,e,xse
x,s,e,xse
f,y,e,fye
x,s,n,xsn
x,s,e,xse
f,s,n,fsn
x,s,n,xsn
f,y,e,fye
x,s,n,xsn
f,y,e,fye
f,s,e,fse
f,y,n,fyn
f,y,n,fyn
x,y,e,xye
k,f,g,kfg
x,s,e,xse
k,y,n,kyn
k,y,n,kyn
x,y,e,xye
f,s,e,fse
f,s,n,fsn
f,s,e,fse
x,s,e,xse
f,s,n,fsn
f,y,e,fye
x,s,n,xsn
x,y,e,xye
f,s,e,fse
x,s,n,xsn
f,s,n,fsn
x,s,n,xsn
k,s,n,ksn
f,s,n,fsn
k,y,e,kye
x,y,c,xyc
b,s,n,bsn
k,s,g,ksg
x,f,g,xfg
x,s,n,xsn
k,y,e,kye
x,s,n,xsn
k,s,e,kse
b,y,y,byy
x,s,e,xse
b,s,g,bsg
k,y,e,kye
k,s,e,kse
f,s,e,fse
f,y,n,fyn
f,s,e,fse
k,f,g,kfg
k,s,n,ksn
k,s,e,kse
f,s,e,fse
b,f,g,bfg
f,y,n,fyn
f,s,n,fsn
f,s,n,fsn
x,y,p,xyp
f,s,n,fsn
k,y,e,kye
f,s,n,fsn
b,s,w,bsw
x,y,e,xye
f,y,e,fye
f,s,e,fse
k,y,n,kyn
x,f,w,xfw
b,s,w,bsw
k,s,e,kse
f,y,n,fyn
f,y,n,fyn
k,s,n,ksn
k,s,n,ksn
f,y,n,fyn
f,y,e,fye
x,s,e,xse
k,y,e,kye
x,s,n,xsn
k,s,e,kse
k,y,n,kyn
f,y,e,fye
x,f,w,xfw
k,s,n,ksn
f,s,n,fsn
k,s,e,kse
k,s,e,kse
k,y,n,kyn
k,f,w,kfw
k,s,n,ksn
k,y,n,kyn
k,s,n,ksn
k,s,e,kse
x,s,n,xsn
x,y,e,xye
f,s,e,fse
k,y,n,kyn
b,s,n,bsn
f,s,n,fsn
k,y,e,kye
x,s,n,xsn
f,s,n,fsn
k,s,n,ksn
f,y,n,fyn
x,s,n,xsn
k,f,w,kfw
f,y,e,fye
x,s,e,xse
x,s,n,xsn
f,s,n,fsn
k,s,n,ksn
k,s,e,kse
k,s,e,kse
x,s,e,xse
b,s,n,bsn
k,s,e,kse
x,s,n,xsn
x,y,e,xye
f,s,e,fse
b,s,n,bsn
k,s,g,ksg
k,y,e,kye
k,y,e,kye
f,s,e,fse
k,s,n,ksn
f,y,e,fye
k,y,e,kye
k,f,w,kfw
x,s,g,xsg
k,s,n,ksn
k,y,e,kye
k,y,n,kyn
k,s,e,kse
x,s,w,xsw
k,s,w,ksw
k,s,w,ksw
k,s,e,kse
x,s,e,xse
k,s,g,ksg
x,f,w,xfw
k,y,e,kye
b,s,w,bsw
k,s,e,kse
f,s,n,fsn
f,y,n,fyn
k,s,g,ksg
x,s,w,xsw
f,y,e,fye
x,s,e,xse
x,f,w,xfw
k,f,w,kfw
f,s,e,fse
f,s,g,fsg
k,s,e,kse
x,s,n,xsn
k,s,n,ksn
x,s,n,xsn
k,y,e,kye
x,s,e,xse
x,s,n,xsn
k,s,e,kse
x,s,n,xsn
k,f,w,kfw
k,s,n,ksn
k,y,c,kyc
x,f,g,xfg
x,s,n,xsn
x,s,n,xsn
k,y,e,kye
k,f,w,kfw
x,f,g,xfg
f,s,n,fsn
k,y,n,kyn
k,y,n,kyn
f,y,n,fyn
f,y,e,fye
k,f,g,kfg
f,y,e,fye
f,y,n,fyn
k,s,e,kse
k,s,g,ksg
b,s,n,bsn
k,y,n,kyn
x,s,n,xsn
b,s,n,bsn
k,s,n,ksn
k,s,n,ksn
k,s,e,kse
f,s,e,fse
x,s,e,xse
x,s,e,xse
x,s,n,xsn
k,y,n,kyn
x,s,p,xsp
f,s,e,fse
x,y,n,xyn
k,s,n,ksn
k,s,g,ksg
k,s,n,ksn
f,y,n,fyn
k,s,n,ksn
k,y,e,kye
f,y,e,fye
f,s,c,fsc
f,y,n,fyn
k,s,e,kse
x,s,e,xse
f,y,e,fye
x,s,n,xsn
f,s,n,fsn
f,s,e,fse
x,y,e,xye
x,y,e,xye
x,s,e,xse
k,s,e,kse
x,s,e,xse
b,f,g,bfg
k,y,e,kye
k,s,e,kse
k,f,g,kfg
f,s,n,fsn
f,y,n,fyn
k,s,e,kse
f,s,n,fsn
k,y,n,kyn
k,s,e,kse
k,y,n,kyn
k,y,n,kyn
x,f,g,xfg
k,y,e,kye
x,y,c,xyc
k,y,e,kye
k,y,e,kye
b,s,w,bsw
k,s,n,ksn
x,s,e,xse
f,y,n,fyn
f,s,e,fse
k,y,e,kye
k,y,e,kye
b,f,w,bfw
k,y,n,kyn
f,y,e,fye
k,s,n,ksn
k,y,n,kyn
x,s,e,xse
x,y,g,xyg
f,s,n,fsn
k,y,e,kye
k,f,w,kfw
x,s,n,xsn
k,y,n,kyn
x,s,e,xse
k,s,w,ksw
f,y,n,fyn
k,s,e,kse
k,s,e,kse
f,y,e,fye
f,s,n,fsn
f,y,n,fyn
k,y,e,kye
k,s,e,kse
k,s,e,kse
b,s,n,bsn
k,s,g,ksg
x,s,n,xsn
x,f,g,xfg
k,s,e,kse
f,y,e,fye
k,s,n,ksn
k,s,n,ksn
b,s,w,bsw
f,s,n,fsn
b,f,g,bfg
x,s,n,xsn
x,y,e,xye
f,y,c,fyc
f,s,n,fsn
x,y,e,xye
f,s,n,fsn
f,y,e,fye
f,s,e,fse
x,s,e,xse
k,s,g,ksg
x,s,e,xse
k,s,n,ksn
k,y,e,kye
x,s,n,xsn
b,s,g,bsg
x,s,n,xsn
f,s,e,fse
k,s,n,ksn
b,s,g,bsg
x,s,n,xsn
f,y,e,fye
f,s,e,fse
f,y,n,fyn
b,f,g,bfg
f,s,e,fse
k,s,n,ksn
k,s,g,ksg
k,y,n,kyn
x,s,e,xse
b,s,n,bsn
k,y,n,kyn
f,y,n,fyn
x,s,n,xsn
k,s,n,ksn
k,s,n,ksn
k,s,n,ksn
k,s,n,ksn
f,y,c,fyc
f,s,n,fsn
b,s,w,bsw
k,s,e,kse
b,s,g,bsg
k,y,e,kye
k,y,n,kyn
x,s,n,xsn
x,s,e,xse
x,s,n,xsn
f,s,e,fse
f,y,e,fye
x,y,e,xye
k,s,e,kse
k,y,n,kyn
f,s,e,fse
k,s,n,ksn
f,y,n,fyn
f,s,e,fse
k,f,g,kfg
k,s,n,ksn
b,f,w,bfw
k,s,e,kse
x,s,g,xsg
k,s,n,ksn
k,s,e,kse
k,y,n,kyn
k,f,g,kfg
x,s,n,xsn
k,y,n,kyn
x,f,w,xfw
k,y,e,kye
k,s,e,kse
k,s,e,kse
k,y,e,kye
k,y,n,kyn
k,s,g,ksg
k,y,n,kyn
k,s,e,kse
x,s,g,xsg
f,s,n,fsn
k,s,g,ksg
x,s,e,xse
k,s,n,ksn
k,s,n,ksn
x,s,g,xsg
k,y,e,kye
f,s,n,fsn
k,s,w,ksw
f,y,e,fye
b,s,g,bsg
f,y,n,fyn
b,s,n,bsn
b,s,g,bsg
k,s,n,ksn
b,s,g,bsg
k,s,n,ksn
k,y,n,kyn
f,s,n,fsn
k,s,e,kse
f,s,e,fse
k,s,n,ksn
k,s,n,ksn
b,s,n,bsn
k,f,g,kfg
b,s,n,bsn
k,s,n,ksn
k,y,e,kye
k,y,e,kye
k,s,n,ksn
f,s,n,fsn
k,s,e,kse
x,s,n,xsn
k,s,n,ksn
k,s,w,ksw
k,y,e,kye
k,y,n,kyn
k,f,g,kfg
f,s,n,fsn
x,s,g,xsg
k,y,n,kyn
f,s,e,fse
x,f,w,xfw
k,y,n,kyn
f,y,n,fyn
b,f,g,bfg
k,y,e,kye
x,y,e,xye
k,s,e,kse
k,f,g,kfg
k,f,w,kfw
k,y,e,kye
k,s,g,ksg
k,s,n,ksn
k,y,n,kyn
k,s,w,ksw
k,y,e,kye
b,s,w,bsw
k,s,n,ksn
x,s,w,xsw
b,s,n,bsn
k,s,n,ksn
k,y,e,kye
x,f,w,xfw
x,y,e,xye
k,s,e,kse
k,s,n,ksn
k,y,n,kyn
k,s,e,kse
k,s,n,ksn
k,y,n,kyn
f,y,n,fyn
k,s,g,ksg
f,y,e,fye
k,y,y,kyy
k,y,e,kye
k,s,e,kse
k,y,e,kye
b,s,n,bsn
x,s,g,xsg
k,s,g,ksg
f,y,e,fye
k,s,e,kse
k,y,e,kye
b,f,w,bfw
f,s,n,fsn
k,s,n,ksn
k,s,e,kse
x,f,w,xfw
k,y,e,kye
x,f,w,xfw
k,y,e,kye
k,y,n,kyn
x,s,g,xsg
x,s,w,xsw
k,y,n,kyn
k,s,n,ksn
k,s,e,kse
b,f,w,bfw
f,s,n,fsn
k,s,e,kse
k,s,n,ksn
x,y,n,xyn
k,y,n,kyn
f,s,n,fsn
x,y,e,xye
f,s,n,fsn
b,s,w,bsw
b,s,g,bsg
k,y,e,kye
k,s,n,ksn
k,s,e,kse
k,s,e,kse
b,f,w,bfw
k,s,g,ksg
f,y,e,fye
k,y,n,kyn
k,y,n,kyn
f,s,e,fse
x,s,n,xsn
k,y,n,kyn
k,y,c,kyc
k,y,n,kyn
k,s,w,ksw
f,y,n,fyn
b,f,g,bfg
f,s,e,fse
k,s,e,kse
k,s,g,ksg
x,s,g,xsg
k,s,e,kse
k,s,n,ksn
f,y,p,fyp
b,s,w,bsw
f,y,n,fyn
f,s,e,fse
k,s,e,kse
k,f,g,kfg
x,f,w,xfw
x,s,c,xsc
k,f,g,kfg
k,s,e,kse
k,y,e,kye
k,s,n,ksn
x,y,e,xye
k,s,n,ksn
f,y,y,fyy
x,y,c,xyc
x,s,n,xsn
x,y,p,xyp
k,y,n,kyn
k,s,g,ksg
b,s,g,bsg
k,s,e,kse
x,s,n,xsn
b,s,n,bsn
f,s,n,fsn
k,s,g,ksg
f,s,n,fsn
k,s,n,ksn
f,y,n,fyn
k,y,e,kye
k,s,n,ksn
k,s,e,kse
b,s,w,bsw
k,y,n,kyn
k,y,e,kye
k,s,n,ksn
k,s,e,kse
b,s,w,bsw
x,s,g,xsg
k,s,n,ksn
k,y,n,kyn
k,s,n,ksn
k,y,e,kye
k,s,e,kse
k,y,n,kyn
b,s,g,bsg
k,y,e,kye
b,f,w,bfw
c,y,y,cyy
x,s,n,xsn
k,y,e,kye
x,s,g,xsg
b,s,n,bsn
k,y,e,kye
b,s,n,bsn
k,y,e,kye
k,y,e,kye
k,s,e,kse
b,s,g,bsg
k,s,n,ksn
b,s,n,bsn
x,s,n,xsn
x,s,g,xsg
x,f,g,xfg
k,s,n,ksn
k,f,g,kfg
k,s,n,ksn
k,y,e,kye
k,y,n,kyn
f,s,p,fsp
k,y,n,kyn
k,y,e,kye
f,s,n,fsn
k,y,e,kye
k,y,n,kyn
k,y,n,kyn
f,y,n,fyn
k,s,e,kse
k,y,e,kye
x,s,n,xsn
f,s,e,fse
k,s,g,ksg
k,s,e,kse
k,s,e,kse
f,s,n,fsn
k,s,n,ksn
x,f,g,xfg
k,s,n,ksn
f,s,e,fse
k,s,n,ksn
f,y,n,fyn
x,f,g,xfg
k,s,w,ksw
b,s,n,bsn
k,y,e,kye
k,y,e,kye
k,y,n,kyn
x,f,g,xfg
k,s,n,ksn
k,y,e,kye
k,y,n,kyn
f,y,n,fyn
f,s,n,fsn
f,y,e,fye
k,s,n,ksn
k,s,n,ksn
b,s,n,bsn
x,f,g,xfg
k,s,n,ksn
k,y,n,kyn
x,s,g,xsg
k,y,n,kyn
k,s,e,kse
k,y,e,kye
b,s,n,bsn
b,s,g,bsg
x,y,e,xye
k,s,n,ksn
k,y,e,kye
k,y,e,kye
k,s,n,ksn
k,y,e,kye
k,s,e,kse
x,s,e,xse
k,s,e,kse
k,s,n,ksn
b,f,g,bfg
k,y,n,kyn
f,s,n,fsn
k,s,n,ksn
f,y,y,fyy
k,s,n,ksn
f,y,e,fye
x,f,g,xfg
k,y,n,kyn
k,s,n,ksn
f,y,n,fyn
f,s,n,fsn
k,y,n,kyn
f,y,n,fyn
k,s,n,ksn
f,y,e,fye
k,s,n,ksn
x,y,e,xye
k,y,n,kyn
x,s,w,xsw
x,s,g,xsg
x,f,w,xfw
k,s,n,ksn
k,s,e,kse
k,y,e,kye
k,s,e,kse
k,s,n,ksn
k,y,n,kyn
k,y,e,kye
k,s,n,ksn
k,s,e,kse
f,s,n,fsn
f,s,n,fsn
k,s,n,ksn
x,s,g,xsg
x,f,w,xfw
k,y,n,kyn
x,s,n,xsn
k,y,n,kyn
k,y,n,kyn
k,y,n,kyn
k,y,e,kye
k,s,n,ksn
b,s,n,bsn
f,s,n,fsn
b,s,w,bsw
k,s,n,ksn
x,s,n,xsn
k,y,n,kyn
b,f,g,bfg
b,s,g,bsg
x,s,n,xsn
x,s,n,xsn
x,s,w,xsw
x,s,n,xsn
k,s,g,ksg
x,s,w,xsw
f,y,c,fyc
x,s,n,xsn
k,s,e,kse
k,y,e,kye
x,s,w,xsw
k,f,w,kfw
b,f,g,bfg
k,s,n,ksn
k,y,n,kyn
f,y,e,fye
k,s,e,kse
k,s,n,ksn
f,s,p,fsp
k,y,n,kyn
b,s,w,bsw
k,s,e,kse
k,s,w,ksw
k,y,n,kyn
k,s,n,ksn
f,s,n,fsn
k,s,n,ksn
k,y,e,kye
x,s,n,xsn
x,f,w,xfw
x,f,g,xfg
x,s,n,xsn
k,s,n,ksn
k,y,e,kye
x,s,w,xsw
k,y,e,kye
x,f,g,xfg
k,s,n,ksn
f,y,n,fyn
k,s,e,kse
k,s,n,ksn
k,s,e,kse
k,s,n,ksn
b,s,g,bsg
k,y,n,kyn
k,s,n,ksn
k,f,g,kfg
k,y,n,kyn
k,s,e,kse
k,y,n,kyn
k,s,e,kse
k,f,w,kfw
k,y,e,kye
k,y,e,kye
b,f,w,bfw
x,s,g,xsg
b,s,g,bsg
k,y,e,kye
k,s,n,ksn
k,y,e,kye
b,s,w,bsw
f,s,e,fse
k,s,n,ksn
k,s,w,ksw
k,y,e,kye
k,s,e,kse
k,s,n,ksn
x,s,n,xsn
k,s,n,ksn
k,y,e,kye
b,y,y,byy
k,y,e,kye
x,s,n,xsn
k,s,e,kse
k,f,g,kfg
k,s,e,kse
k,s,e,kse
k,s,n,ksn
k,y,n,kyn
x,f,g,xfg
b,s,w,bsw
k,y,e,kye
b,s,n,bsn
k,y,e,kye
k,s,e,kse
b,s,g,bsg
k,s,e,kse
b,s,n,bsn
f,s,n,fsn
k,s,e,kse
k,s,n,ksn
k,y,n,kyn
b,f,g,bfg
k,s,w,ksw
k,s,n,ksn
f,y,n,fyn
x,s,w,xsw
x,s,n,xsn
k,s,n,ksn
k,y,n,kyn
k,s,n,ksn
b,f,w,bfw
x,s,w,xsw
f,y,e,fye
k,y,e,kye
x,y,e,xye
f,s,n,fsn
k,s,n,ksn
x,s,n,xsn
k,y,e,kye
b,s,w,bsw
b,s,g,bsg
k,f,g,kfg
k,f,g,kfg
x,f,w,xfw
k,y,e,kye
f,y,e,fye
k,y,e,kye
f,s,n,fsn
b,s,w,bsw
k,s,w,ksw
b,f,w,bfw
f,s,n,fsn
k,y,e,kye
k,s,n,ksn
k,s,n,ksn
f,y,n,fyn
x,s,e,xse
f,s,n,fsn
k,f,w,kfw
k,s,n,ksn
x,s,n,xsn
b,f,g,bfg
k,y,n,kyn
b,s,n,bsn
f,s,n,fsn
k,y,e,kye
k,s,e,kse
k,y,n,kyn
k,y,e,kye
k,y,n,kyn
x,s,g,xsg
k,y,n,kyn
f,y,c,fyc
b,s,n,bsn
k,s,e,kse
k,s,n,ksn
k,y,n,kyn
b,f,g,bfg
k,y,n,kyn
b,f,w,bfw
k,s,e,kse
x,s,w,xsw
k,y,e,kye
k,y,e,kye
x,s,w,xsw
k,y,e,kye
k,y,n,kyn
k,s,n,ksn
k,s,n,ksn
k,s,e,kse
k,s,e,kse
k,s,n,ksn
k,s,n,ksn
k,s,e,kse
k,y,e,kye
k,y,e,kye
k,y,e,kye
k,f,w,kfw
b,s,n,bsn
k,s,e,kse
f,s,n,fsn
f,y,n,fyn
k,y,e,kye
f,s,g,fsg
x,s,p,xsp
c,y,y,cyy
k,s,e,kse
k,y,e,kye
k,y,e,kye
b,s,n,bsn
k,s,n,ksn
x,s,w,xsw
x,s,e,xse
x,y,c,xyc
f,s,n,fsn
k,s,n,ksn
b,y,n,byn
f,s,n,fsn
k,s,n,ksn
b,s,g,bsg
x,y,n,xyn
f,s,n,fsn
k,s,n,ksn
b,f,w,bfw
x,f,w,xfw
k,s,n,ksn
x,y,n,xyn
k,y,e,kye
x,s,n,xsn
k,s,e,kse
x,s,e,xse
k,s,n,ksn
k,y,e,kye
k,y,n,kyn
k,s,e,kse
b,f,g,bfg
k,s,n,ksn
k,y,n,kyn
k,y,y,kyy
k,s,w,ksw
x,s,n,xsn
k,s,n,ksn
k,f,g,kfg
k,f,w,kfw
f,s,n,fsn
x,s,w,xsw
b,s,g,bsg
x,f,w,xfw
k,f,w,kfw
k,s,n,ksn
k,y,e,kye
k,f,g,kfg
x,s,w,xsw
k,s,n,ksn
k,y,n,kyn
k,y,n,kyn
k,s,e,kse
k,s,e,kse
b,s,n,bsn
k,s,e,kse
x,s,g,xsg
x,s,n,xsn
b,s,w,bsw
k,s,e,kse
x,s,n,xsn
k,s,n,ksn
k,s,e,kse
k,y,e,kye
b,f,w,bfw
k,y,n,kyn
k,s,e,kse
b,s,g,bsg
k,s,n,ksn
x,s,n,xsn
k,y,e,kye
x,s,w,xsw
x,s,w,xsw
k,y,n,kyn
k,s,n,ksn
k,s,e,kse
k,y,e,kye
b,s,n,bsn
b,f,g,bfg
k,s,e,kse
k,s,n,ksn
f,y,n,fyn
f,y,n,fyn
f,s,n,fsn
k,y,n,kyn
k,s,w,ksw
b,s,n,bsn
k,y,n,kyn
k,s,n,ksn
k,s,e,kse
k,s,w,ksw
k,y,e,kye
x,s,w,xsw
k,y,e,kye
k,y,e,kye
k,y,n,kyn
f,y,c,fyc
x,s,n,xsn
k,f,g,kfg
k,s,e,kse
x,y,n,xyn
f,y,e,fye
k,s,n,ksn
k,s,n,ksn
b,f,g,bfg
b,f,w,bfw
x,s,n,xsn
k,y,n,kyn
f,s,n,fsn
x,s,w,xsw
k,s,e,kse
k,s,e,kse
x,s,g,xsg
b,s,g,bsg
k,y,n,kyn
k,y,e,kye
k,y,e,kye
k,y,n,kyn
x,f,w,xfw
k,y,e,kye
b,s,n,bsn
k,y,n,kyn
k,s,n,ksn
b,s,n,bsn
f,s,n,fsn
k,s,g,ksg
f,s,n,fsn
k,y,e,kye
b,s,n,bsn
k,s,n,ksn
k,y,e,kye
f,s,n,fsn
k,s,e,kse
b,f,g,bfg
k,y,n,kyn
f,s,n,fsn
k,s,n,ksn
x,s,g,xsg
x,s,g,xsg
k,s,n,ksn
x,s,n,xsn
k,y,e,kye
x,f,g,xfg
k,s,n,ksn
k,y,e,kye
k,y,n,kyn
k,s,e,kse
k,y,n,kyn
k,y,e,kye
x,s,w,xsw
k,s,n,ksn
k,s,e,kse
k,s,e,kse
x,f,g,xfg
x,s,n,xsn
b,s,w,bsw
k,s,n,ksn
k,y,n,kyn
k,s,n,ksn
x,y,e,xye
k,y,e,kye
x,s,n,xsn
x,s,g,xsg
k,s,e,kse
k,y,e,kye
k,s,w,ksw
b,s,n,bsn
k,s,w,ksw
k,s,e,kse
k,y,n,kyn
k,s,e,kse
k,s,n,ksn
x,s,n,xsn
k,s,n,ksn
k,s,n,ksn
k,s,n,ksn
k,y,e,kye
x,f,w,xfw
f,s,e,fse
k,s,n,ksn
k,s,e,kse
f,s,n,fsn
x,y,n,xyn
k,y,n,kyn
k,s,e,kse
b,s,w,bsw
k,y,n,kyn
k,s,n,ksn
x,s,n,xsn
x,s,g,xsg
x,s,g,xsg
f,y,n,fyn
f,y,n,fyn
f,y,g,fyg
k,s,e,kse
x,f,w,xfw
k,y,n,kyn
k,s,n,ksn
x,s,e,xse
x,f,g,xfg
f,s,n,fsn
x,y,e,xye
b,f,w,bfw
k,s,e,kse
x,f,g,xfg
f,y,n,fyn
x,s,n,xsn
b,s,g,bsg
b,s,n,bsn
k,s,e,kse
f,s,n,fsn
x,f,g,xfg
k,s,n,ksn
x,f,w,xfw
f,y,p,fyp
k,y,e,kye
k,f,g,kfg
k,s,n,ksn
k,s,n,ksn
k,s,n,ksn
k,s,e,kse
k,y,n,kyn
k,s,n,ksn
k,y,n,kyn
k,f,w,kfw
k,y,e,kye
f,s,n,fsn
k,s,e,kse
x,f,g,xfg
k,y,e,kye
k,y,e,kye
k,s,n,ksn
b,s,n,bsn
k,s,w,ksw
b,s,n,bsn
f,y,g,fyg
k,y,e,kye
x,y,e,xye
k,y,n,kyn
k,s,n,ksn
k,s,n,ksn
x,y,c,xyc
k,s,e,kse
k,y,n,kyn
k,s,e,kse
k,y,n,kyn
k,y,e,kye
f,s,c,fsc
x,s,n,xsn
b,f,w,bfw
k,f,g,kfg
f,s,n,fsn
k,s,n,ksn
k,f,w,kfw
k,y,e,kye
b,f,w,bfw
k,y,n,kyn
k,y,e,kye
k,y,n,kyn
x,s,n,xsn
x,y,n,xyn
b,s,w,bsw
f,y,n,fyn
k,s,n,ksn
k,s,e,kse
x,s,n,xsn
x,s,n,xsn
b,s,w,bsw
x,y,e,xye
b,f,w,bfw
b,f,w,bfw
b,f,w,bfw
k,s,n,ksn
k,y,e,kye
k,s,n,ksn
k,s,e,kse
k,y,c,kyc
k,s,n,ksn
x,s,g,xsg
f,s,n,fsn
k,s,n,ksn
b,y,n,byn
x,s,n,xsn
b,s,n,bsn
f,s,n,fsn
k,y,n,kyn
k,s,g,ksg
k,y,n,kyn
k,f,g,kfg
x,s,n,xsn
k,s,e,kse
f,s,n,fsn
k,s,n,ksn
k,y,n,kyn
k,s,n,ksn
b,s,n,bsn
x,y,n,xyn
x,s,w,xsw
f,s,n,fsn
f,s,n,fsn
x,y,e,xye
k,y,e,kye
k,s,e,kse
k,s,e,kse
b,s,n,bsn
x,s,n,xsn
f,s,n,fsn
k,s,n,ksn
b,s,n,bsn
k,s,g,ksg
k,f,w,kfw
k,s,e,kse
b,f,w,bfw
x,s,w,xsw
b,f,w,bfw
k,y,n,kyn
f,s,n,fsn
f,y,e,fye
k,s,e,kse
k,y,n,kyn
x,s,n,xsn
f,s,n,fsn
k,y,n,kyn
k,s,n,ksn
x,f,g,xfg
k,s,w,ksw
k,y,e,kye
x,s,n,xsn
k,y,n,kyn
k,s,n,ksn
b,f,w,bfw
k,s,n,ksn
k,y,e,kye
x,y,g,xyg
k,s,e,kse
b,s,n,bsn
k,y,e,kye
x,s,n,xsn
f,s,n,fsn
f,s,n,fsn
k,y,e,kye
b,f,g,bfg
k,s,e,kse
k,s,n,ksn
k,y,n,kyn
k,s,n,ksn
x,f,w,xfw
f,s,n,fsn
k,y,n,kyn
x,s,n,xsn
b,f,g,bfg
b,s,n,bsn
x,s,n,xsn
k,s,e,kse
k,s,n,ksn
k,s,n,ksn
k,s,n,ksn
k,y,n,kyn
k,f,w,kfw
k,y,e,kye
k,s,n,ksn
k,s,e,kse
b,s,n,bsn
f,s,n,fsn
k,s,n,ksn
k,y,e,kye
k,s,n,ksn
k,y,e,kye
k,s,n,ksn
b,f,g,bfg
f,s,n,fsn
b,s,n,bsn
f,s,n,fsn
b,f,g,bfg
k,y,e,kye
k,s,n,ksn
k,y,n,kyn
k,s,e,kse
k,y,n,kyn
b,f,g,bfg
k,f,w,kfw
k,s,n,ksn
x,s,e,xse
k,s,n,ksn
k,y,e,kye
k,s,n,ksn
k,y,e,kye
k,y,e,kye
x,s,n,xsn
b,s,g,bsg
x,y,c,xyc
k,f,w,kfw
k,y,n,kyn
k,s,e,kse
k,f,w,kfw
f,s,n,fsn
k,s,e,kse
x,s,n,xsn
k,s,n,ksn
k,s,n,ksn
k,s,n,ksn
k,s,n,ksn
x,s,n,xsn
k,y,e,kye
b,s,w,bsw
x,s,n,xsn
k,s,w,ksw
k,s,n,ksn
k,y,e,kye
f,y,c,fyc
x,s,n,xsn
k,y,n,kyn
k,s,e,kse
k,y,n,kyn
k,s,n,ksn
x,s,n,xsn
f,s,n,fsn
k,y,n,kyn
x,s,n,xsn
